Date,Germany: Stock Market,Germany: Currency,Germany: Interest Rate,BGF US Growth A2 {USD},prediction
,7612.39,1.3184,0.75,9.83,
,7778.78,1.3239,0.75,10.21,
,7756.44,1.3095,0.75,10.24,
,7776.37,1.3045,0.75,10.22,
,7732.66,1.3099,0.75,10.22,
,7732.66,1.3099,0.75,10.22,
,7732.66,1.3099,0.75,10.2,
,7695.83,1.3066,0.75,10.19,
,7720.47,1.3043,0.75,10.25,
,7708.47,1.3213,0.75,10.29,
,7715.53,1.3345,0.75,10.29,
,7729.52,1.3366,0.75,10.29,
,7729.52,1.3366,0.75,10.29,
,7729.52,1.3366,0.75,10.28,
,7675.91,1.3348,0.75,10.22,
,7691.13,1.3296,0.75,10.23,
,7735.46,1.3358,0.75,10.28,
,7702.23,1.3291,0.75,10.28,
,7748.86,1.3315,0.75,10.28,
,7748.86,1.3315,0.75,10.28,
,7748.86,1.3315,0.75,10.28,
,7696.21,1.3286,0.75,10.26,
,7707.54,1.3281,0.75,10.32,
,7748.13,1.3374,0.75,10.36,
,7857.97,1.3475,0.75,10.42,
,7833.0,1.3461,0.75,10.42,
,7833.0,1.3461,0.75,10.42,
,7833.0,1.3461,0.75,10.44,
,7848.57,1.3478,0.75,10.34,
,7811.31,1.3569,0.75,10.38,
,7776.05,1.3574,0.75,10.39,
,7833.39,1.3696,0.75,10.4,
,7638.23,1.3558,0.75,10.4,
,7638.23,1.3558,0.75,10.4,
,7638.23,1.3558,0.75,10.41,
,7664.66,1.3528,0.75,10.35,
,7581.18,1.3538,0.75,10.41,
,7590.85,1.3389,0.75,10.34,
,7652.14,1.338,0.75,10.41,
,7633.74,1.3379,0.75,10.41,
,7633.74,1.3379,0.75,10.41,
,7633.74,1.3379,0.75,10.35,
,7660.19,1.3464,0.75,10.36,
,7711.89,1.3436,0.75,10.4,
,7631.19,1.3341,0.75,10.35,
,7593.51,1.335,0.75,10.41,
,7628.73,1.3351,0.75,10.41,
,7628.73,1.3351,0.75,10.41,
,7628.73,1.3351,0.75,10.39,
,7752.45,1.3356,0.75,10.44,
,7728.9,1.337,0.75,10.44,
,7583.57,1.3222,0.75,10.21,
,7661.91,1.3162,0.75,10.26,
,7773.19,1.3214,0.75,10.26,
,7773.19,1.3214,0.75,10.26,
,7773.19,1.3214,0.75,10.37,
,7597.11,1.3073,0.75,10.15,
,7675.83,1.3109,0.75,10.21,
,7741.7,1.3073,0.75,10.34,
,7708.16,1.2984,0.75,10.28,
,7691.68,1.3009,0.75,10.28,10.451272
,7691.68,1.3009,0.75,10.28,10.260197
,7691.68,1.3009,0.75,10.39,10.301148
,7870.31,1.3026,0.75,10.55,10.275266
,7919.33,1.3,0.75,10.59,10.415257
,7939.77,1.3082,0.75,10.55,10.429147
,7986.47,1.2981,0.75,10.55,10.399125
,7984.29,1.3014,0.75,10.55,10.43321
,7984.29,1.3014,0.75,10.55,10.411684
,7984.29,1.3014,0.75,10.58,10.415228
,7966.12,1.3021,0.75,10.57,10.429008
,7970.91,1.2949,0.75,10.54,10.414819
,8058.37,1.298,0.75,10.58,10.412812
,8042.85,1.3066,0.75,10.52,10.451358
,8010.7,1.2958,0.75,10.52,10.394173
,8010.7,1.2958,0.75,10.52,10.412603
,8010.7,1.2958,0.75,10.41,10.402434
,7947.79,1.2886,0.75,10.39,10.343977
,8001.97,1.295,0.75,10.43,10.327998
,7932.51,1.2925,0.75,10.42,10.352634
,7911.35,1.2997,0.75,10.45,10.326942
,7870.9,1.2882,0.75,10.45,10.331441
,7870.9,1.2882,0.75,10.45,10.339984
,7870.9,1.2882,0.75,10.44,10.334864
,7879.67,1.2859,0.75,10.46,10.330132
,7789.09,1.2781,0.75,10.47,10.347108
,7795.31,1.2841,0.75,10.56,10.333261
,7795.31,1.2841,0.75,10.56,10.378007
,7795.31,1.2847,0.75,10.56,10.377009
,7795.31,1.2847,0.75,10.56,10.379645
,7795.31,1.2847,0.75,10.56,10.380337
,7943.87,1.2838,0.75,10.59,10.380724
,7874.75,1.2848,0.75,10.57,10.444103
,7817.39,1.2854,0.75,10.49,10.396556
,7658.75,1.3022,0.5,10.31,10.34629
,7662.64,1.3017,0.5,10.31,10.273679
,7662.64,1.3017,0.5,10.31,10.226105
,7662.64,1.3017,0.5,10.43,10.24774
,7637.51,1.3057,0.5,10.47,10.318005
,7810.63,1.3085,0.5,10.58,10.325856
,7871.63,1.3126,0.5,10.73,10.449687
,7744.77,1.3097,0.5,10.73,10.536661
,7712.63,1.3084,0.5,10.73,10.505039
,7712.63,1.3084,0.5,10.73,10.51523
,7712.63,1.3084,0.5,10.67,10.516233
,7682.58,1.3130000000000002,0.5,10.55,10.480933
,7503.03,1.3042,0.5,10.55,10.395379
,7473.73,1.3082,0.5,10.43,10.370173
,7459.96,1.3081,0.5,10.4,10.284809
,7478.11,1.3030000000000002,0.5,10.4,10.2748165
,7478.11,1.3030000000000002,0.5,10.4,10.28516
,7478.11,1.3030000000000002,0.5,10.49,10.278863
,7658.21,1.3015,0.5,10.6,10.333054
,7759.03,1.2995,0.5,10.65,10.448022
,7832.86,1.3006,0.5,10.62,10.49215
,7814.76,1.3027,0.5,10.62,10.490011
,7873.5,1.31,0.5,10.62,10.481255
,7873.5,1.31,0.5,10.62,10.489038
,7873.5,1.31,0.5,10.6,10.489068
,7913.71,1.3184,0.5,10.64,10.47726
,7913.71,1.3193,0.5,10.64,10.500275
,7961.71,1.3073,0.5,10.65,10.498285
,8122.29,1.3116,0.5,10.79,10.541517
,8112.08,1.3056,0.5,10.79,10.655452
,8112.08,1.3056,0.5,10.79,10.647261
,8112.08,1.3056,0.5,10.81,10.6518345
,8181.78,1.3085,0.5,10.85,10.664273
,8249.71,1.3173,0.5,10.87,10.7056465
,8262.55,1.3095,0.5,10.87,10.720001
,8278.59,1.2972,0.5,10.95,10.740955
,8279.29,1.2982,0.5,10.95,10.811482
,8279.29,1.2982,0.5,10.95,10.794557
,8279.29,1.2982,0.5,10.95,10.80147
,8339.11,1.2978,0.5,11.03,10.800696
,8362.42,1.2862,0.5,11.12,10.873445
,8369.87,1.2917,0.5,11.16,10.950377
,8398.0,1.2824,0.5,11.11,10.957446
,8455.83,1.2856,0.5,11.11,10.957446
,8455.83,1.2856,0.5,11.11,10.963468
,8455.83,1.2856,0.5,11.11,10.962034
,8472.2,1.2872,0.5,11.19,10.962434
,8530.89,1.2876,0.5,11.21,11.018346
,8351.98,1.2902,0.5,10.93,11.044407
,8305.32,1.2930000000000001,0.5,10.92,10.798375
,8383.3,1.2939,0.5,10.92,10.809614
,8383.3,1.2939,0.5,10.92,10.820935
,8383.3,1.2939,0.5,11.01,10.815773
,8480.87,1.2855,0.5,11.18,10.874104
,8336.58,1.2967,0.5,11.04,11.025644
,8400.2,1.3054,0.5,11.08,10.845275
,8348.84,1.296,0.5,11.01,10.919965
,8285.8,1.3029,0.5,11.01,10.860067
,8285.8,1.3029,0.5,11.01,10.834635
,8285.8,1.3029,0.5,10.87,10.841619
,8295.96,1.3071,0.5,10.93,10.748693
,8196.18,1.3086,0.5,10.78,10.7926655
,8098.81,1.3194,0.5,10.66,10.6548395
,8254.68,1.3219999999999998,0.5,10.83,10.553377
,8307.69,1.3194,0.5,10.83,10.717705
,8307.69,1.3194,0.5,10.83,10.708583
,8307.69,1.3194,0.5,10.9,10.713352
,8222.46,1.3274,0.5,10.81,10.756752
,8143.27,1.3336,0.5,10.84,10.655359
,8095.39,1.3299,0.5,10.69,10.662993
,8127.96,1.334,0.5,10.87,10.560796
,8215.73,1.3347,0.5,10.87,10.689852
,8215.73,1.3347,0.5,10.87,10.697012
,8215.73,1.3347,0.5,10.89,10.700272
,8229.51,1.3392,0.5,10.92,10.713321
,8197.08,1.3404,0.5,10.96,10.729202
,7928.48,1.3175,0.5,10.73,10.746096
,7789.24,1.3136,0.5,10.6,10.552996
,7692.45,1.3094,0.5,10.6,10.454589
,7692.45,1.3094,0.5,10.6,10.436909
,7692.45,1.3094,0.5,10.35,10.435144
,7811.3,1.3074,0.5,10.48,10.285463
,7940.99,1.3002,0.5,10.62,10.41633
,7990.75,1.3003,0.5,10.74,10.520384
,7959.22,1.2998,0.5,10.67,10.5940275
,7983.92,1.3035,0.5,10.67,10.538898
,7983.92,1.3035,0.5,10.67,10.553046
,7983.92,1.3035,0.5,10.83,10.550236
,7910.77,1.3034,0.5,10.83,10.652289
,7829.32,1.2972,0.5,10.78,10.620263
,7994.31,1.2913,0.5,10.82,10.590203
,7806.0,1.2834,0.5,10.89,10.679115
,7968.54,1.2864,0.5,10.89,10.658981
,7968.54,1.2864,0.5,10.89,10.715184
,7968.54,1.2864,0.5,11.02,10.702905
,8057.75,1.2786,0.5,11.01,10.793086
,8066.48,1.2857,0.5,11.07,10.817764
,8158.8,1.3041,0.5,11.18,10.841468
,8212.77,1.3053,0.5,11.25,10.914212
,8234.81,1.3047,0.5,11.25,10.979997
,8234.81,1.3047,0.5,11.25,10.985334
,8234.81,1.3047,0.5,11.29,10.988168
,8201.05,1.3137,0.5,11.25,11.016305
,8254.72,1.3093,0.5,11.24,10.960775
,8337.09,1.3091,0.5,11.27,10.993433
,8331.57,1.3139,0.5,11.25,11.027299
,8331.06,1.3193,0.5,11.25,10.997285
,8331.06,1.3193,0.5,11.25,10.996641
,8331.06,1.3193,0.5,11.24,10.999071
,8314.23,1.3218,0.5,11.29,10.991668
,8379.11,1.3236,0.5,11.27,11.018206
,8298.98,1.3235,0.5,11.25,11.020664
,8244.91,1.3264,0.5,11.2,10.982571
,8259.03,1.3253,0.5,11.2,10.9337225
,8259.03,1.3253,0.5,11.2,10.947178
,8259.03,1.3253,0.5,11.21,10.941321
,8271.02,1.3251,0.5,11.19,10.949035
,8275.97,1.3278,0.5,11.27,10.937684
,8410.73,1.3233,0.5,11.37,10.991553
,8406.94,1.3283,0.5,11.42,11.106016
,8398.38,1.324,0.5,11.42,11.116484
,8398.38,1.324,0.5,11.42,11.1306
,8398.38,1.324,0.5,11.46,11.127857
,8299.73,1.3309,0.5,11.42,11.158382
,8260.48,1.3319,0.5,11.33,11.087086
,8318.32,1.3385,0.5,11.38,11.028591
,8338.31,1.3351,0.5,11.42,11.077252
,8359.25,1.3293,0.5,11.42,11.112171
,8359.25,1.3293,0.5,11.42,11.122532
,8359.25,1.3293,0.5,11.37,11.117496
,8415.76,1.3236,0.5,11.39,11.082045
,8438.12,1.3266,0.5,11.38,11.124642
,8376.29,1.3251,0.5,11.38,11.105866
,8391.94,1.3333,0.5,11.15,11.094109
,8366.29,1.335,0.5,11.15,10.926575
,8366.29,1.335,0.5,11.15,10.937012
,8366.29,1.335,0.5,11.13,10.927094
,8300.03,1.3426,0.5,11.07,10.913543
,8285.41,1.3377,0.5,11.1,10.841046
,8397.89,1.3345,0.5,11.14,10.878508
,8416.99,1.3403,0.5,11.2,10.933794
,8435.15,1.3374,0.5,11.2,10.961461
,8435.15,1.3374,0.5,11.2,10.975077
,8435.15,1.3374,0.5,11.22,10.972608
,8242.56,1.3393,0.5,11.07,10.987464
,8157.9,1.334,0.5,10.97,10.8212
,8194.55,1.3224,0.5,11.07,10.7621355
,8103.15,1.3186,0.5,11.09,10.85477
,8243.87,1.3188,0.5,11.09,10.82258
,8243.87,1.3188,0.5,11.09,10.874567
,8243.87,1.3188,0.5,11.03,10.86206
,8180.71,1.3157,0.5,11.19,10.825529
,8195.92,1.3197,0.5,11.2,10.923498
,8234.98,1.3119,0.5,11.31,10.917454
,8275.67,1.3158,0.5,11.26,11.02937
,8276.32,1.3253,0.5,11.26,10.982405
,8276.32,1.3253,0.5,11.26,10.981256
,8276.32,1.3253,0.5,11.42,10.986772
,8446.54,1.3266,0.5,11.53,11.100673
,8495.73,1.3301,0.5,11.56,11.220012
,8494.0,1.3308,0.5,11.65,11.243369
,8509.42,1.3259,0.5,11.62,11.315213
,8613.0,1.3352,0.5,11.62,11.301536
,8613.0,1.3352,0.5,11.62,11.321127
,8613.0,1.3352,0.5,11.7,11.323239
,8596.95,1.3349,0.5,11.66,11.383243
,8636.06,1.3348,0.5,11.72,11.344202
,8694.18,1.3542,0.5,11.92,11.408703
,8675.73,1.3509,0.5,11.91,11.544681
,8635.29,1.3492,0.5,11.91,11.549335
,8635.29,1.3492,0.5,11.91,11.546606
,8635.29,1.3492,0.5,11.77,11.548285
,8664.6,1.3492,0.5,11.75,11.441076
,8665.63,1.3507,0.5,11.73,11.441822
,8664.1,1.3481,0.5,11.82,11.416412
,8661.51,1.3541,0.5,11.81,11.489487
,8594.4,1.3536,0.5,11.81,11.4639845
,8594.4,1.3536,0.5,11.81,11.457087
,8594.4,1.3536,0.5,11.74,11.458848
,8689.14,1.3525,0.5,11.82,11.40583
,8629.42,1.359,0.5,11.92,11.500421
,8597.91,1.3623,0.25,11.93,11.537232
,8622.97,1.3595,0.25,11.93,11.71377
,8591.58,1.3571,0.25,11.93,11.634959
,8591.58,1.3571,0.25,11.93,11.65278
,8591.58,1.3571,0.25,11.88,11.652905
,8555.89,1.3596,0.25,11.79,11.619163
,8516.69,1.3516,0.25,11.45,11.541384
,8685.77,1.3522,0.25,11.68,11.296141
,8724.83,1.3562,0.25,11.81,11.530788
,8723.81,1.3586,0.25,11.81,11.5949335
,8723.81,1.3586,0.25,11.81,11.595301
,8723.81,1.3586,0.25,11.78,11.601433
,8804.44,1.3503,0.25,11.87,11.578586
,8846.0,1.3491,0.25,11.94,11.687074
,8811.98,1.3664,0.25,11.91,11.734025
,8865.1,1.3695,0.25,12.16,11.669175
,8867.22,1.3675,0.25,12.16,11.900402
,8867.22,1.3675,0.25,12.16,11.890049
,8867.22,1.3675,0.25,12.24,11.898238
,8947.46,1.3773,0.25,12.33,11.9621315
,8919.86,1.3782,0.25,12.11,12.037654
,8980.63,1.3803,0.25,12.22,11.860706
,8985.74,1.3794,0.25,12.28,11.974866
,8978.65,1.3785,0.25,12.28,12.011716
,8978.65,1.3785,0.25,12.28,12.010801
,8978.65,1.3785,0.25,12.15,12.011547
,9022.04,1.3769,0.25,12.15,11.908036
,9010.27,1.3771,0.25,12.21,11.927422
,9033.92,1.3595,0.25,12.1,11.961933
,9007.83,1.3487,0.25,12.1,11.9063
,9037.23,1.351,0.25,12.1,11.9013405
,9037.23,1.351,0.25,12.1,11.892457
,9037.23,1.351,0.25,12.15,11.894002
,9009.11,1.3474,0.25,12.1,11.93301
,9040.87,1.3527,0.25,12.23,11.889362
,9081.03,1.3382,0.25,12.05,11.994865
,9078.28,1.3349,0.25,11.89,11.88393
,9107.86,1.3407,0.25,11.89,11.759896
,9107.86,1.3407,0.25,11.89,11.759243
,9107.86,1.3407,0.25,12.1,11.756777
,9076.48,1.3437,0.25,12.1,11.918867
,9054.83,1.3404,0.25,12.08,11.892099
,9149.66,1.3458,0.25,12.26,11.889855
,9168.69,1.3474,0.25,12.35,12.048127
,9225.43,1.3525,0.25,12.35,12.11419
,9225.43,1.3525,0.25,12.35,12.124426
,9225.43,1.3525,0.25,12.37,12.1303
,9193.29,1.3525,0.25,12.23,12.145771
,9202.07,1.3463,0.25,12.21,12.023992
,9196.08,1.3461,0.25,12.24,12.029902
,9219.04,1.3524,0.25,12.39,12.040062
,9299.95,1.3506,0.25,12.39,12.154255
,9299.95,1.3506,0.25,12.39,12.179533
,9299.95,1.3506,0.25,12.45,12.177648
,9290.07,1.3559999999999999,0.25,12.39,12.225742
,9351.13,1.3574,0.25,12.51,12.163174
,9387.37,1.3599,0.25,12.5,12.286178
,9405.3,1.3615,0.25,12.52,12.275193
,9401.96,1.3556,0.25,12.52,12.299157
,9401.96,1.3556,0.25,12.52,12.306355
,9401.96,1.3556,0.25,12.48,12.29961
,9223.4,1.3587,0.25,12.48,12.267534
,9140.63,1.3556,0.25,12.39,12.214627
,9084.95,1.3656,0.25,12.47,12.136795
,9172.41,1.3684,0.25,12.66,12.176186
,9195.17,1.3719,0.25,12.66,12.36111
,9195.17,1.3719,0.25,12.66,12.359238
,9195.17,1.3719,0.25,12.65,12.369657
,9114.44,1.3771,0.25,12.6,12.361596
,9077.11,1.379,0.25,12.64,12.292169
,9017.0,1.3753,0.25,12.47,12.32337
,9006.46,1.3730000000000002,0.25,12.51,12.1768265
,9163.56,1.3754,0.25,12.51,12.215482
,9163.56,1.3754,0.25,12.51,12.245498
,9163.56,1.3754,0.25,12.65,12.241739
,9085.12,1.3730000000000002,0.25,12.68,12.353009
,9181.75,1.3762,0.25,12.6,12.356016
,9335.74,1.3668,0.25,12.79,12.316785
,9400.18,1.367,0.25,12.86,12.53064
,9488.82,1.3706,0.25,12.86,12.578227
,9488.82,1.3706,0.25,12.86,12.597035
,9488.82,1.3706,0.25,12.98,12.597214
,9488.82,1.3667,0.25,12.98,12.693908
,9488.82,1.3667,0.25,12.98,12.697672
,9488.82,1.3692,0.25,12.98,12.696595
,9589.39,1.3777,0.25,13.12,12.693479
,9552.16,1.3814,0.25,13.12,12.826618
,9552.16,1.3814,0.25,13.12,12.816585
,9552.16,1.3814,0.25,13.06,12.825801
,9552.16,1.3779,0.25,13.11,12.776977
,9552.16,1.3779,0.25,13.11,12.823715
,9400.04,1.3658,0.25,13.07,12.8172865
,9435.15,1.3613,0.25,13.12,12.763085
,9428.0,1.3642,0.25,13.12,12.8127985
,9428.0,1.3642,0.25,13.12,12.80102
,9428.0,1.3642,0.25,13.04,12.807099
,9506.2,1.3606,0.25,13.14,12.7411375
,9497.84,1.36,0.25,13.23,12.851326
,9421.61,1.3585,0.25,13.26,12.913093
,9473.24,1.3672,0.25,13.22,12.921577
,9510.17,1.3653,0.25,13.22,12.893781
,9510.17,1.3653,0.25,13.22,12.917841
,9510.17,1.3653,0.25,13.27,12.912114
,9540.51,1.3687,0.25,13.08,12.953163
,9733.81,1.3594,0.25,13.33,12.797786
,9717.71,1.3601,0.25,13.35,13.07528
,9742.96,1.3557,0.25,13.35,13.058593
,9715.9,1.3563,0.25,13.35,13.07693
,9715.9,1.3563,0.25,13.35,13.061389
,9715.9,1.3563,0.25,13.36,13.062998
,9730.12,1.3544,0.25,13.44,13.071347
,9720.11,1.3564,0.25,13.41,13.144886
,9631.04,1.368,0.25,13.27,13.112027
,9392.02,1.3685,0.25,13.07,12.959879
,9349.22,1.3673,0.25,13.07,12.74735
,9349.22,1.3673,0.25,13.07,12.748268
,9349.22,1.3673,0.25,12.86,12.747176
,9406.91,1.3664,0.25,12.87,12.575346
,9336.73,1.3644,0.25,12.78,12.603805
,9373.48,1.3563,0.25,12.81,12.502347
,9306.48,1.3485,0.25,12.76,12.550848
,9186.52,1.3518,0.25,12.76,12.487878
,9186.52,1.3518,0.25,12.76,12.446581
,9186.52,1.3518,0.25,12.77,12.456124
,9127.91,1.351,0.25,12.56,12.465974
,9116.32,1.3532,0.25,12.48,12.280338
,9256.58,1.3599,0.25,12.75,12.218855
,9301.92,1.3618,0.25,12.89,12.4649105
,9289.86,1.3647,0.25,12.89,12.578633
,9289.86,1.3647,0.25,12.89,12.575681
,9289.86,1.3647,0.25,13.08,12.584155
,9478.77,1.3676,0.25,13.12,12.741382
,9540.0,1.3588,0.25,13.25,12.819123
,9596.77,1.3666,0.25,13.18,12.95695
,9662.4,1.3686,0.25,13.26,12.88736
,9656.76,1.3702,0.25,13.26,12.977889
,9656.76,1.3702,0.25,13.26,12.969025
,9656.76,1.3702,0.25,13.29,12.971921
,9659.78,1.3751,0.25,13.36,12.996209
,9660.05,1.3753,0.25,13.42,13.048121
,9618.85,1.3712,0.25,13.28,13.105123
,9656.95,1.3745,0.25,13.43,12.986664
,9708.94,1.3726,0.25,13.43,13.114926
,9708.94,1.3726,0.25,13.43,13.132115
,9708.94,1.3726,0.25,13.48,13.131149
,9699.35,1.3733,0.25,13.44,13.172138
,9661.73,1.3667,0.25,13.5,13.135727
,9588.33,1.3681,0.25,13.5,13.187276
,9692.08,1.3811,0.25,13.61,13.1596775
,9358.89,1.3773,0.25,13.61,13.268576
,9358.89,1.3773,0.25,13.61,13.203832
,9358.89,1.3773,0.25,13.38,13.216568
,9589.15,1.3742,0.25,13.57,13.033542
,9542.02,1.3739,0.25,13.61,13.254783
,9542.87,1.3840000000000001,0.25,13.71,13.2591715
,9350.75,1.3862,0.25,13.64,13.331515
,9265.5,1.3879,0.25,13.64,13.238093
,9265.5,1.3879,0.25,13.64,13.227079
,9265.5,1.3879,0.25,13.48,13.236746
,9307.79,1.3866,0.25,13.58,13.107894
,9188.69,1.3905,0.25,13.42,13.200459
,9017.79,1.3927,0.25,13.42,13.027041
,9056.41,1.3925,0.25,13.18,12.988795
,9180.89,1.3927,0.25,13.18,12.805954
,9180.89,1.3927,0.25,13.18,12.834825
,9180.89,1.3927,0.25,13.32,12.821346
,9242.55,1.3913,0.25,13.42,12.93259
,9277.05,1.3909,0.25,13.44,13.033078
,9296.12,1.3783,0.25,13.32,13.0608425
,9342.94,1.3782,0.25,13.39,12.984425
,9188.77,1.3783,0.25,13.39,13.036316
,9188.77,1.3783,0.25,13.39,12.991957
,9188.77,1.3783,0.25,12.97,12.998866
,9338.4,1.3777,0.25,12.94,12.651716
,9448.58,1.3785,0.25,12.96,12.6671095
,9451.21,1.3739,0.25,12.75,12.688701
,9587.19,1.3752,0.25,12.86,12.512737
,9555.91,1.3782,0.25,12.86,12.630603
,9555.91,1.3782,0.25,12.86,12.601761
,9555.91,1.3782,0.25,12.9,12.606607
,9603.71,1.3794,0.25,12.95,12.637925
,9623.36,1.3768,0.25,13.1,12.689394
,9628.82,1.3716,0.25,13.15,12.821399
,9695.77,1.3693,0.25,12.95,12.867719
,9510.85,1.3742,0.25,12.95,12.721441
,9510.85,1.3742,0.25,12.95,12.662155
,9510.85,1.3742,0.25,12.61,12.670131
,9490.79,1.3794,0.25,12.43,12.393012
,9506.35,1.3824,0.25,12.58,12.243062
,9454.54,1.3881,0.25,12.69,12.364384
,9315.29,1.3887,0.25,12.29,12.422373
,9339.17,1.3815,0.25,12.29,12.072882
,9339.17,1.3815,0.25,12.29,12.112666
,9339.17,1.3815,0.25,12.22,12.090139
,9173.71,1.3824,0.25,12.34,12.035238
,9317.82,1.3806,0.25,12.47,12.084763
,9409.71,1.3835,0.25,12.56,12.234236
,9409.71,1.3835,0.25,12.56,12.319282
,9409.71,1.3804,0.25,12.56,12.320494
,9409.71,1.3804,0.25,12.56,12.326846
,9409.71,1.3804,0.25,12.56,12.323048
,9600.09,1.3796,0.25,12.75,12.323369
,9544.19,1.3829,0.25,12.73,12.530342
,9548.68,1.3819,0.25,12.59,12.479854
,9401.55,1.3837,0.25,12.51,12.380023
,9446.36,1.3844,0.25,12.51,12.273265
,9446.36,1.3844,0.25,12.51,12.291999
,9446.36,1.3844,0.25,12.4,12.288768
,9584.12,1.3817,0.25,12.4,12.200498
,9603.23,1.3865,0.25,12.42,12.2453985
,9556.02,1.3865,0.25,12.42,12.245126
,9556.02,1.3865,0.25,12.65,12.234615
,9529.5,1.3878,0.25,12.65,12.419906
,9529.5,1.3878,0.25,12.65,12.405931
,9529.5,1.3878,0.25,12.58,12.416558
,9467.53,1.3933,0.25,12.66,12.36099
,9521.3,1.3922,0.25,12.43,12.403119
,9607.4,1.3863,0.25,12.54,12.240421
,9581.45,1.3756,0.15,12.43,12.364886
,9702.46,1.3755,0.15,12.43,12.336425
,9702.46,1.3755,0.15,12.43,12.328509
,9702.46,1.3755,0.15,12.63,12.325816
,9754.43,1.3706,0.15,12.66,12.484359
,9754.39,1.371,0.15,12.63,12.524559
,9656.05,1.3716,0.15,12.43,12.496608
,9629.1,1.3704,0.15,12.43,12.311671
,9659.39,1.3719,0.15,12.43,12.319384
,9659.39,1.3719,0.15,12.43,12.32068
,9659.39,1.3719,0.15,12.52,12.321732
,9639.08,1.3695,0.15,12.55,12.393079
,9697.87,1.3664,0.15,12.62,12.412058
,9720.91,1.3656,0.15,12.74,12.489262
,9768.01,1.3631,0.15,12.77,12.585816
,9892.82,1.3651,0.15,12.77,12.6229105
,9892.82,1.3651,0.15,12.77,12.650621
,9892.82,1.3651,0.15,12.84,12.647063
,9940.82,1.3614,0.15,12.91,12.701779
,9939.17,1.3597,0.15,12.93,12.77501
,9938.9,1.3615,0.15,12.93,12.78637
,9943.27,1.3645,0.15,12.98,12.782276
,9950.12,1.3607,0.15,12.98,12.821872
,9950.12,1.3607,0.15,12.98,12.831867
,9950.12,1.3607,0.15,12.98,12.828257
,9919.74,1.3619999999999999,0.15,12.99,12.82853
,9926.67,1.3621,0.15,12.95,12.826112
,9947.83,1.3615,0.15,13.0,12.798029
,9987.19,1.3639,0.15,13.11,12.847137
,10008.63,1.3593,0.15,13.11,12.940297
,10008.63,1.3593,0.15,13.11,12.953124
,10008.63,1.3593,0.15,13.11,12.948677
,10028.8,1.3545,0.15,13.09,12.948571
,9949.81,1.3533,0.15,13.08,12.9451
,9938.7,1.3551,0.15,13.1,12.91073
,9912.87,1.3528,0.15,12.95,12.923295
,9883.98,1.357,0.15,12.95,12.799809
,9883.98,1.357,0.15,12.95,12.788784
,9883.98,1.357,0.15,12.97,12.792071
,9920.32,1.3544,0.15,12.97,12.808637
,9930.33,1.3572,0.15,12.96,12.822633
,10004.0,1.3632,0.15,13.04,12.808353
,9987.24,1.3575,0.15,13.03,12.887126
,9920.92,1.3592,0.15,13.03,12.883919
,9920.92,1.3592,0.15,13.03,12.857843
,9920.92,1.3592,0.15,13.03,12.863146
,9938.08,1.3596,0.15,13.05,12.863891
,9867.75,1.3633,0.15,13.0,12.884918
,9804.9,1.3589,0.15,13.09,12.818107
,9815.17,1.364,0.15,13.15,12.891262
,9833.07,1.3691,0.15,13.15,12.930778
,9833.07,1.3691,0.15,13.15,12.936323
,9833.07,1.3691,0.15,13.22,12.943626
,9902.41,1.3679,0.15,13.3,13.00149
,9911.27,1.3654,0.15,13.38,13.087517
,10029.43,1.361,0.15,13.4,13.156287
,10009.08,1.3589,0.15,13.44,13.208969
,9906.07,1.3596,0.15,13.44,13.230617
,9906.07,1.3596,0.15,13.44,13.19832
,9906.07,1.3596,0.15,13.4,13.204485
,9772.67,1.3614,0.15,13.2,13.173315
,9808.2,1.364,0.15,13.12,12.97031
,9659.13,1.3601,0.15,13.04,12.920107
,9666.34,1.3599,0.15,13.15,12.820368
,9783.01,1.3627,0.15,13.15,12.915052
,9783.01,1.3627,0.15,13.15,12.939303
,9783.01,1.3627,0.15,13.26,12.940408
,9719.41,1.3569,0.15,13.29,13.0294
,9859.27,1.3535,0.15,13.2,13.04464
,9753.88,1.3518,0.15,13.15,13.011561
,9720.02,1.3509,0.15,13.08,12.937606
,9612.05,1.3519999999999999,0.15,13.08,12.872158
,9612.05,1.3519999999999999,0.15,13.08,12.843012
,9612.05,1.3519999999999999,0.15,13.16,12.84872
,9734.33,1.3467,0.15,13.23,12.916565
,9753.56,1.3463,0.15,13.29,13.015069
,9794.06,1.3469,0.15,13.3,13.059446
,9644.01,1.3433,0.15,13.32,13.075544
,9598.17,1.3439,0.15,13.32,13.057231
,9598.17,1.3439,0.15,13.32,13.046422
,9598.17,1.3439,0.15,13.27,13.052748
,9653.63,1.3411,0.15,13.32,13.013424
,9593.68,1.3378,0.15,13.32,13.075762
,9407.48,1.338,0.15,13.17,13.057557
,9210.08,1.3429,0.15,13.1,12.883838
,9154.14,1.3419,0.15,13.1,12.780052
,9154.14,1.3419,0.15,13.1,12.78464
,9154.14,1.3419,0.15,13.07,12.789224
,9189.74,1.3369,0.15,13.04,12.767905
,9130.04,1.3356,0.15,12.98,12.762998
,9038.97,1.3351,0.15,13.06,12.692946
,9009.32,1.3414,0.05,12.96,12.738171
,9180.74,1.3387,0.05,12.96,12.728325
,9180.74,1.3387,0.05,12.96,12.758811
,9180.74,1.3387,0.05,13.13,12.748283
,9069.47,1.3357,0.05,13.12,12.883369
,9198.88,1.338,0.05,13.13,12.847305
,9225.1,1.338,0.05,13.24,12.889871
,9092.6,1.3383,0.05,13.24,12.984464
,9245.33,1.3363,0.05,13.24,12.946178
,9245.33,1.3363,0.05,13.24,12.996286
,9245.33,1.3363,0.05,13.41,12.989236
,9334.28,1.3319,0.05,13.46,13.125886
,9314.57,1.3287,0.05,13.47,13.192939
,9401.53,1.3285,0.05,13.5,13.195503
,9339.17,1.3231,0.05,13.47,13.239277
,9510.14,1.3198,0.05,13.47,13.203733
,9510.14,1.3198,0.05,13.47,13.248121
,9510.14,1.3198,0.05,13.59,13.235919
,9588.15,1.3203,0.05,13.57,13.3301525
,9569.71,1.3203,0.05,13.54,13.329207
,9462.56,1.3175,0.05,13.5,13.299006
,9470.17,1.3172,0.05,13.5,13.243291
,9479.03,1.3137,0.05,13.5,13.247293
,9479.03,1.3137,0.05,13.5,13.255828
,9479.03,1.3137,0.05,13.58,13.2517605
,9507.02,1.3122,0.05,13.63,13.317168
,9626.49,1.3137,0.05,13.65,13.36633
,9724.26,1.2966,0.05,13.63,13.408633
,9747.02,1.2958,0.05,13.52,13.441583
,9758.03,1.2948,0.05,13.52,13.332756
,9758.03,1.2948,0.05,13.52,13.333523
,9758.03,1.2948,0.05,13.6,13.326473
,9710.7,1.2914,0.05,13.58,13.389995
,9700.17,1.2916,0.05,13.5,13.364669
,9691.28,1.2941,0.05,13.63,13.296485
,9651.13,1.2938,0.05,13.61,13.399517
,9659.63,1.2938,0.05,13.61,13.372643
,9659.63,1.2938,0.05,13.61,13.37996
,9659.63,1.2938,0.05,13.5,13.380748
,9632.93,1.2942,0.05,13.46,13.290966
,9661.5,1.2959,0.05,13.59,13.253425
,9798.13,1.2922,0.05,13.65,13.364235
,9799.26,1.284,0.05,13.72,13.451229
,9749.54,1.28,0.05,13.72,13.512794
,9749.54,1.28,0.05,13.72,13.495183
,9749.54,1.2823,0.05,13.57,13.493323
,9595.03,1.2863,0.05,13.49,13.366847
,9661.97,1.2799,0.05,13.46,13.261266
,9510.01,1.2747,0.05,13.51,13.275426
,9490.55,1.2696,0.05,13.45,13.278221
,9422.91,1.26,0.05,13.45,13.232395
,9422.91,1.26,0.05,13.45,13.233289
,9422.91,1.2686,0.05,13.44,13.2254925
,9474.3,1.2632,0.05,13.48,13.20299
,9382.03,1.2595,0.05,13.36,13.268004
,9195.68,1.2653,0.05,13.25,13.1442995
,9195.68,1.2511,0.05,13.4,13.00327
,9209.51,1.25,0.05,13.4,13.170044
,9209.51,1.25,0.05,13.4,13.154087
,9209.51,1.2569,0.05,13.48,13.157058
,9086.21,1.2629,0.05,13.27,13.209035
,8995.33,1.2686,0.05,13.15,13.002983
,9005.02,1.2712,0.05,13.32,12.896182
,8788.81,1.2626,0.05,13.15,13.044632
,8812.43,1.26,0.05,13.15,12.866855
,8812.43,1.26,0.05,13.15,12.8914585
,8812.43,1.268,0.05,12.78,12.887472
,8825.21,1.2667,0.05,12.53,12.574528
,8571.95,1.2759,0.05,12.48,12.410629
,8582.9,1.278,0.05,12.46,12.290554
,8850.27,1.2767,0.05,12.82,12.294013
,8717.76,1.27,0.05,12.82,12.65141
,8717.76,1.27,0.05,12.82,12.594343
,8717.76,1.278,0.05,12.86,12.602616
,8886.96,1.2729,0.05,13.12,12.619668
,8940.14,1.2666,0.05,13.33,12.887813
,9047.31,1.2648,0.05,13.34,13.056696
,8987.8,1.2668,0.05,13.43,13.082386
,8902.61,1.26,0.05,13.43,13.1333275
,8902.61,1.26,0.05,13.43,13.126071
,8902.61,1.2711,0.05,13.51,13.12538
,9068.19,1.2747,0.05,13.65,13.171428
,9082.81,1.2761,0.05,13.62,13.330478
,9114.84,1.2621,0.05,13.64,13.304075
,9326.87,1.2529,0.05,13.95,13.355602
,9251.7,1.25,0.05,13.95,13.655294
,9251.7,1.25,0.05,13.95,13.617214
,9251.7,1.2484,0.05,13.98,13.617509
,9166.47,1.2571,0.05,13.85,13.645197
,9315.48,1.2488,0.05,13.87,13.50265
,9377.41,1.2436,0.05,13.86,13.584876
,9291.83,1.2414,0.05,13.92,13.583915
,9351.87,1.24,0.05,13.92,13.602988
,9351.87,1.24,0.05,13.92,13.617093
,9351.87,1.2443,0.05,13.96,13.614518
,9369.03,1.2426,0.05,13.98,13.638273
,9210.96,1.2477,0.05,14.03,13.6652565
,9248.51,1.2474,0.05,14.16,13.656591
,9252.94,1.2479,0.05,14.06,13.783385
,9306.35,1.25,0.05,14.06,13.7074375
,9306.35,1.25,0.05,14.06,13.722222
,9306.35,1.2456,0.05,14.14,13.721507
,9456.53,1.2531,0.05,14.13,13.791527
,9472.8,1.254,0.05,14.05,13.804032
,9483.97,1.254,0.05,14.06,13.744689
,9732.55,1.2413,0.05,14.21,13.752247
,9785.54,1.23,0.05,14.21,13.951247
,9785.54,1.23,0.05,14.21,13.955837
,9785.54,1.2436,0.05,14.2,13.93728
,9886.33,1.2485,0.05,14.28,13.904119
,9915.56,1.2528,0.05,14.29,13.998469
,9974.87,1.2481,0.05,14.32,14.008931
,9980.85,1.2466,0.05,14.33,14.057785
,9963.51,1.2476,0.05,14.33,14.062345
,9963.51,1.2476,0.05,14.33,14.053502
,9963.51,1.2476,0.05,14.17,14.054344
,9934.08,1.2402,0.05,14.16,13.923871
,9971.79,1.2321,0.05,14.2,13.918317
,9851.35,1.2437,0.05,14.24,13.962268
,10087.12,1.2297,0.05,14.25,13.937209
,10014.99,1.2291,0.05,14.25,14.039871
,10014.99,1.2291,0.05,14.25,14.003102
,10014.99,1.2291,0.05,14.21,14.000063
,9793.71,1.2423,0.05,13.88,13.966954
,9799.73,1.2416,0.05,14.04,13.622432
,9862.53,1.2382,0.05,14.02,13.779863
,9594.73,1.2462,0.05,13.94,13.780302
,9334.01,1.2422,0.05,13.94,13.634739
,9334.01,1.2422,0.05,13.94,13.597193
,9334.01,1.2422,0.05,13.87,13.609386
,9563.89,1.2509,0.05,13.67,13.561708
,9544.43,1.2394,0.05,13.65,13.445849
,9811.06,1.2279,0.05,14.08,13.446388
,9786.96,1.2263,0.05,14.25,13.857428
,9865.76,1.2257,0.05,14.25,13.958314
,9865.76,1.2257,0.05,14.25,13.978768
,9865.76,1.2257,0.05,14.32,13.97812
,9922.11,1.2176,0.05,14.28,14.033153
,9922.11,1.2189,0.05,14.28,14.026077
,9922.11,1.2189,0.05,14.28,14.015149
,9922.11,1.217,0.05,14.28,14.013585
,9927.13,1.218,0.05,14.28,14.015144
,9927.13,1.218,0.05,14.28,14.012639
,9927.13,1.218,0.05,14.35,14.012998
,9805.55,1.2164,0.05,14.31,14.069198
,9805.55,1.21,0.05,14.32,14.009658
,9805.55,1.203,0.05,14.32,14.0314
,9764.73,1.203,0.05,14.22,14.038026
,9473.16,1.1937,0.05,14.22,13.941653
,9473.16,1.1937,0.05,14.22,13.886549
,9473.16,1.1937,0.05,14.02,13.886774
,9469.66,1.1919,0.05,13.88,13.733366
,9518.18,1.1803,0.05,13.85,13.626904
,9837.61,1.1792,0.05,14.02,13.63021
,9648.5,1.1834,0.05,14.1,13.825052
,9781.9,1.1818,0.05,14.1,13.814927
,9781.9,1.1818,0.05,14.1,13.854787
,9781.9,1.1818,0.05,13.92,13.851826
,9941.0,1.1781,0.05,14.13,13.705097
,9817.08,1.1787,0.05,13.81,13.918536
,10032.61,1.1587,0.05,13.76,13.612922
,10167.77,1.1497,0.05,13.63,13.666847
,10242.35,1.1631,0.05,13.63,13.572384
,10242.35,1.1631,0.05,13.63,13.550433
,10242.35,1.1631,0.05,13.82,13.549052
,10257.13,1.1572,0.05,13.8,13.696572
,10299.23,1.1586,0.05,14.01,13.6858425
,10435.62,1.1416,0.05,14.02,13.860087
,10649.58,1.1249,0.05,14.28,13.917666
,10798.33,1.1256,0.05,14.28,14.176985
,10798.33,1.1256,0.05,14.28,14.184674
,10798.33,1.1256,0.05,14.25,14.177684
,10628.58,1.14,0.05,14.17,14.148759
,10710.97,1.1341,0.05,14.22,14.027728
,10737.87,1.1338,0.05,13.85,14.109218
,10694.32,1.1284,0.05,14.01,13.815274
,10828.01,1.1343,0.05,14.01,13.94199
,10828.01,1.1343,0.05,14.01,13.952333
,10828.01,1.1343,0.05,13.77,13.953829
,10890.95,1.1448,0.05,14.05,13.761855
,10911.32,1.1424,0.05,14.09,13.989964
,10905.41,1.143,0.05,14.12,14.025375
,10846.39,1.1344,0.05,14.17,14.049658
,10663.51,1.1335,0.05,14.17,14.0859165
,10663.51,1.1335,0.05,14.17,14.040715
,10663.51,1.1335,0.05,14.09,14.048409
,10753.83,1.1324,0.05,14.1,13.988558
,10752.11,1.1304,0.05,14.24,14.021081
,10919.65,1.1372,0.05,14.34,14.128185
,10963.4,1.1402,0.05,14.49,14.236949
,10923.23,1.1404,0.05,14.49,14.365736
,10923.23,1.1404,0.05,14.49,14.359142
,10923.23,1.1404,0.05,14.57,14.363089
,10895.62,1.1399,0.05,14.57,14.428173
,10961.0,1.1361,0.05,14.58,14.424494
,11001.94,1.139,0.05,14.65,14.4538965
,11050.64,1.1368,0.05,14.65,14.513607
,11130.92,1.1354,0.05,14.65,14.528464
,11130.92,1.1354,0.05,14.65,14.546245
,11130.92,1.1354,0.05,14.86,14.5415745
,11205.74,1.1337,0.05,14.78,14.704589
,11210.27,1.1357,0.05,14.82,14.667482
,11327.19,1.1213,0.05,14.84,14.696869
,11401.66,1.1216,0.05,14.86,14.7493305
,11410.36,1.1195,0.05,14.86,14.772175
,11410.36,1.1195,0.05,14.86,14.77062
,11410.36,1.1195,0.05,14.85,14.766483
,11280.36,1.1184,0.05,14.81,14.757048
,11390.38,1.1068,0.05,14.71,14.694466
,11504.01,1.1029,0.05,14.8,14.648333
,11550.97,1.0861,0.05,14.79,14.735086
,11582.11,1.0846,0.05,14.79,14.737939
,11582.11,1.0846,0.05,14.79,14.732038
,11582.11,1.0846,0.05,14.59,14.726333
,11500.38,1.0707,0.05,14.48,14.567992
,11805.99,1.0575,0.05,14.42,14.461777
,11799.39,1.0616,0.05,14.54,14.474539
,11901.61,1.0521,0.05,14.49,14.541085
,12167.72,1.0578,0.05,14.49,14.524163
,12167.72,1.0578,0.05,14.49,14.572921
,12167.72,1.0578,0.05,14.7,14.563734
,11980.85,1.0604,0.05,14.74,14.71648
,11922.77,1.0643,0.05,14.76,14.712096
,11899.4,1.0623,0.05,14.94,14.725742
,12039.37,1.0794,0.05,15.04,14.867877
,11895.84,1.0926,0.05,15.04,14.989404
,11895.84,1.0926,0.05,15.04,14.973002
,11895.84,1.0926,0.05,15.01,14.985036
,12005.69,1.0906,0.05,15.01,14.966866
,11865.32,1.0987,0.05,14.82,14.992569
,11843.68,1.0918,0.05,14.56,14.808287
,11868.33,1.089,0.05,14.62,14.596282
,12086.01,1.083,0.05,14.62,14.634838
,12086.01,1.083,0.05,14.62,14.681682
,12086.01,1.083,0.05,14.77,14.67112
,11966.17,1.074,0.05,14.73,14.780688
,12001.38,1.0758,0.05,14.46,14.727477
,11967.39,1.0882,0.05,14.63,14.526951
,11967.39,1.0882,0.05,14.63,14.638799
,11967.39,1.1033,0.05,14.63,14.647461
,11967.39,1.1033,0.05,14.63,14.648693
,11967.39,1.1033,0.05,14.63,14.657118
,12123.52,1.0859999999999999,0.05,14.76,14.658781
,12035.86,1.0791,0.05,14.86,14.798529
,12166.44,1.0678,0.05,14.95,14.848065
,12374.73,1.0626,0.05,15.02,14.9479065
,12338.73,1.0572,0.05,15.02,15.045524
,12338.73,1.0572,0.05,15.02,15.030679
,12338.73,1.0572,0.05,15.16,15.025617
,12227.6,1.0694,0.05,14.96,15.129961
,12231.34,1.0609,0.05,15.04,14.967025
,11998.86,1.0699,0.05,15.2,15.0242
,11688.7,1.0774,0.05,14.95,15.097807
,11891.91,1.0754,0.05,14.95,14.859648
,11891.91,1.0754,0.05,14.95,14.910246
,11891.91,1.0754,0.05,15.03,14.909372
,11939.58,1.0741,0.05,15.22,14.968558
,11867.37,1.0724,0.05,15.15,15.127777
,11723.58,1.0801,0.05,15.19,15.070873
,11810.85,1.0865,0.05,15.29,15.069676
,12039.16,1.0883,0.05,15.29,15.176543
,12039.16,1.0883,0.05,15.29,15.2424555
,12039.16,1.0883,0.05,15.37,15.240483
,11811.66,1.0981,0.05,15.08,15.297226
,11432.72,1.115,0.05,15.07,15.026932
,11454.38,1.1205,0.05,14.93,14.9174185
,11454.38,1.1222,0.05,14.93,14.826132
,11619.85,1.1161,0.05,14.93,14.830029
,11619.85,1.1161,0.05,14.93,14.873636
,11619.85,1.1161,0.05,14.95,14.866773
,11327.68,1.1187,0.05,14.84,14.878306
,11350.15,1.1354,0.05,14.69,14.721399
,11407.97,1.1261,0.05,14.69,14.602041
,11709.73,1.1218,0.05,14.95,14.628523
,11673.35,1.1151,0.05,14.95,14.899731
,11673.35,1.1151,0.05,14.95,14.892477
,11673.35,1.1151,0.05,15.0,14.88782
,11472.41,1.1246,0.05,14.8,14.925726
,11351.46,1.1352,0.05,14.92,14.719807
,11559.82,1.138,0.05,14.92,14.780783
,11447.03,1.1441,0.05,15.06,14.846591
,11594.28,1.1364,0.05,15.06,14.929467
,11594.28,1.1364,0.05,15.06,14.980506
,11594.28,1.1364,0.05,15.07,14.978476
,11853.33,1.1127,0.05,15.18,14.984267
,11848.47,1.1102,0.05,15.05,15.136903
,11864.59,1.1121,0.05,15.13,15.025067
,11815.01,1.1023,0.05,15.21,15.076005
,11815.01,1.1023,0.05,15.21,15.12693
,11815.01,1.1023,0.05,15.21,15.129375
,11815.01,1.1023,0.05,15.21,15.131462
,11625.13,1.0897,0.05,15.12,15.132417
,11771.13,1.0875,0.05,15.11,15.020693
,11677.57,1.0918,0.05,15.1,15.039781
,11413.82,1.0963,0.05,15.09,15.006707
,11436.05,1.0897,0.05,15.09,14.939127
,11436.05,1.0897,0.05,15.09,14.954854
,11436.05,1.0897,0.05,15.08,14.957857
,11328.8,1.1128,0.05,15.1,14.951925
,11419.62,1.1265,0.05,15.18,14.934961
,11340.6,1.1282,0.05,15.2,15.028649
,11197.15,1.1109,0.05,15.07,15.039184
,11064.92,1.1204,0.05,15.07,14.917873
,11064.92,1.1204,0.05,15.07,14.872924
,11064.92,1.1204,0.05,15.08,14.881573
,11001.29,1.1244,0.05,14.93,14.894032
,11265.39,1.1302,0.05,15.08,14.761695
,11332.78,1.1234,0.05,15.25,14.935911
,11196.49,1.1268,0.05,15.15,15.090041
,10984.97,1.1253,0.05,15.15,14.981601
,10984.97,1.1253,0.05,15.15,14.931306
,10984.97,1.1253,0.05,14.97,14.936569
,11044.01,1.1234,0.05,15.1,14.801552
,10978.01,1.1233,0.05,15.17,14.911381
,11100.3,1.1403,0.05,15.27,14.9517565
,11040.1,1.1329,0.05,15.33,15.055342
,11460.5,1.1396,0.05,15.33,15.106576
,11460.5,1.1396,0.05,15.33,15.211418
,11460.5,1.1396,0.05,15.4,15.207722
,11542.54,1.1183,0.05,15.4,15.253201
,11471.26,1.1184,0.05,15.46,15.277584
,11473.13,1.1192,0.05,15.32,15.296183
,11492.43,1.114,0.05,15.33,15.1911745
,11120.0,1.115,0.05,15.33,15.19639
,11120.0,1.115,0.05,15.33,15.105023
,11120.0,1.115,0.05,15.09,15.111136
,10944.97,1.1142,0.05,14.92,14.933427
,11180.5,1.1102,0.05,15.1,14.750022
,11099.35,1.1104,0.05,15.03,14.938024
,11058.39,1.11,0.05,15.04,14.864841
,10890.63,1.1,0.05,15.04,14.859297
,10890.63,1.1074,0.05,15.04,14.828226
,10890.63,1.1074,0.05,14.97,14.822453
,10676.78,1.0935,0.05,14.88,14.775787
,10747.3,1.1075,0.05,14.81,14.667951
,10996.41,1.107,0.05,14.92,14.609205
,11315.63,1.1157,0.05,14.96,14.757359
,11484.38,1.1007,0.05,14.96,14.85381
,11484.38,1.1007,0.05,14.96,14.893737
,11484.38,1.1007,0.05,15.21,14.873675
,11516.9,1.1013,0.05,15.27,15.057899
,11539.66,1.0959,0.05,15.4,15.123532
,11716.76,1.088,0.05,15.46,15.237077
,11673.42,1.083,0.05,15.69,15.332582
,11735.72,1.0827,0.05,15.69,15.495759
,11735.72,1.0827,0.05,15.69,15.526933
,11735.72,1.0827,0.05,15.75,15.531595
,11604.8,1.094,0.05,15.8,15.577756
,11520.67,1.0927,0.05,15.73,15.594401
,11512.11,1.0988,0.05,15.7,15.53532
,11347.45,1.0974,0.05,15.67,15.512021
,11056.4,1.1089,0.05,15.67,15.453937
,11056.4,1.1089,0.05,15.67,15.385787
,11056.4,1.1089,0.05,15.4,15.398255
,11173.91,1.1063,0.05,15.35,15.20213
,11211.85,1.0986,0.05,15.49,15.176735
,11257.15,1.0935,0.05,15.38,15.282605
,11308.99,1.1048,0.05,15.52,15.210152
,11443.72,1.0972,0.05,15.52,15.313421
,11443.72,1.0972,0.05,15.52,15.355619
,11443.72,1.0972,0.05,15.6,15.350839
,11456.07,1.0959999999999999,0.05,15.5,15.407764
,11636.3,1.0866,0.05,15.63,15.339857
,11585.1,1.0913,0.05,15.5,15.471473
,11490.83,1.0969,0.05,15.29,15.363152
,11604.78,1.1018,0.05,15.29,15.169626
,11604.78,1.1018,0.05,15.29,15.180868
,11604.78,1.1018,0.05,15.42,15.176535
,11293.65,1.1043,0.05,15.35,15.271847
,10924.61,1.1163,0.05,15.12,15.154333
,11014.63,1.1152,0.05,15.24,14.890319
,10985.14,1.1111,0.05,15.33,15.010588
,10940.33,1.1077,0.05,15.33,15.087297
,10940.33,1.1077,0.05,15.33,15.087174
,10940.33,1.1077,0.05,15.32,15.09089
,10915.92,1.1026,0.05,15.48,15.086197
,10682.15,1.1116,0.05,15.33,15.205452
,10432.19,1.1232,0.05,15.19,15.041962
,10124.52,1.1388,0.05,14.74,14.8705845
,9648.43,1.1598,0.05,14.74,14.441134
,9648.43,1.1598,0.05,14.74,14.309114
,9648.43,1.1598,0.05,13.71,14.34084
,10128.12,1.1533,0.05,14.18,13.540042
,9997.43,1.1324,0.05,14.06,14.047294
,10315.62,1.1242,0.05,14.54,13.894517
,10298.53,1.1179999999999999,0.05,14.7,14.33472
,10259.46,1.1216,0.05,14.7,14.442544
,10259.46,1.1216,0.05,14.7,14.429806
,10259.46,1.1216,0.05,14.59,14.436854
,10015.57,1.1298,0.05,14.24,14.353265
,10048.05,1.1219,0.05,14.15,14.009528
,10317.84,1.1121,0.05,14.39,13.965697
,10038.04,1.1147,0.05,14.11,14.21659
,10108.61,1.1172,0.05,14.11,13.9086485
,10108.61,1.1172,0.05,14.11,13.9296
,10108.61,1.1172,0.05,14.11,13.925953
,10271.36,1.1208,0.05,14.33,13.924348
,10303.12,1.1216,0.05,14.52,14.129101
,10210.44,1.1293,0.05,14.25,14.282037
,10123.56,1.1335,0.05,14.25,14.042274
,10131.74,1.1313,0.05,14.25,14.029377
,10131.74,1.1313,0.05,14.25,14.038621
,10131.74,1.1313,0.05,14.33,14.038829
,10188.13,1.1271,0.05,14.32,14.102788
,10227.21,1.1292,0.05,14.5,14.113783
,10229.58,1.1422,0.05,14.62,14.25841
,9916.16,1.1308,0.05,14.54,14.3390465
,9948.51,1.1187,0.05,14.54,14.234689
,9948.51,1.1187,0.05,14.54,14.262356
,9948.51,1.1187,0.05,14.6,14.258389
,9570.66,1.113,0.05,14.27,14.30543
,9612.62,1.1187,0.05,14.24,13.974369
,9427.64,1.1164,0.05,14.08,13.956059
,9688.53,1.1194,0.05,14.31,13.798091
,9483.55,1.1194,0.05,14.31,14.034866
,9483.55,1.1237,0.05,14.31,13.982126
,9483.55,1.1237,0.05,13.84,13.98252
,9450.4,1.1256,0.05,13.58,13.622969
,9660.44,1.117,0.05,13.7,13.413693
,9509.25,1.1194,0.05,13.74,13.568527
,9553.07,1.121,0.05,13.75,13.529081
,9814.79,1.1188,0.05,13.75,13.547975
,9814.79,1.1188,0.05,13.75,13.610639
,9814.79,1.1188,0.05,14.26,13.5962305
,9902.83,1.1272,0.05,14.29,13.990992
,9970.4,1.1237,0.05,14.22,14.01526
,9993.07,1.1276,0.05,14.18,13.997793
,10096.6,1.1358,0.05,14.34,13.964228
,10119.83,1.1358,0.05,14.34,14.103388
,10119.83,1.1358,0.05,14.34,14.110823
,10119.83,1.1358,0.05,14.36,14.112297
,10032.82,1.1379,0.05,14.42,14.128345
,9915.85,1.1474,0.05,14.45,14.153219
,10064.8,1.1386,0.05,14.38,14.1428795
,10104.43,1.1348,0.05,14.57,14.150625
,10164.31,1.1327,0.05,14.57,14.307098
,10164.31,1.1327,0.05,14.57,14.318374
,10164.31,1.1327,0.05,14.63,14.316705
,10147.68,1.1346,0.05,14.64,14.362507
,10238.1,1.1339,0.05,14.56,14.364973
,10491.97,1.1109,0.05,14.48,14.327353
,10794.54,1.1018,0.05,14.76,14.345292
,10801.34,1.1058,0.05,14.76,14.608946
,10801.34,1.1058,0.05,14.76,14.587472
,10801.34,1.1058,0.05,14.78,14.583004
,10692.19,1.1051,0.05,14.77,14.595713
,10831.96,1.0923,0.05,14.85,14.563524
,10800.84,1.0977,0.05,14.96,14.669462
,10850.14,1.1006,0.05,15.01,14.737208
,10950.67,1.1016,0.05,15.01,14.791965
,10950.67,1.1016,0.05,15.01,14.820301
,10950.67,1.1016,0.05,15.02,14.820266
,10951.15,1.0964,0.05,15.09,14.826446
,10845.24,1.0866,0.05,15.17,14.8837385
,10887.74,1.0884,0.05,15.29,14.92851
,10988.03,1.0741,0.05,15.12,15.030848
,10815.45,1.0752,0.05,15.12,14.942409
,10815.45,1.0752,0.05,15.12,14.889249
,10815.45,1.0752,0.05,15.1,14.887242
,10832.52,1.0724,0.05,15.02,14.8737545
,10907.87,1.0743,0.05,15.14,14.81775
,10782.63,1.0814,0.05,15.04,14.91769
,10708.4,1.0773,0.05,14.83,14.812903
,10713.23,1.0686,0.05,14.83,14.639543
,10713.23,1.0686,0.05,14.83,14.638656
,10713.23,1.0686,0.05,14.63,14.629277
,10971.04,1.0642,0.05,14.86,14.47143
,10959.95,1.0659999999999998,0.05,14.95,14.697699
,11085.44,1.0734,0.05,15.2,14.756939
,11119.83,1.0646,0.05,15.24,14.972963
,11092.31,1.0636,0.05,15.24,15.031505
,11092.31,1.0636,0.05,15.24,15.028608
,11092.31,1.0636,0.05,15.27,15.030389
,10933.99,1.0643,0.05,15.16,15.054595
,11169.54,1.0624,0.05,15.28,14.9403715
,11320.77,1.061,0.05,15.26,15.079713
,11293.76,1.0593,0.05,15.26,15.1
,11382.23,1.0565,0.05,15.26,15.087158
,11382.23,1.0565,0.05,15.26,15.100921
,11382.23,1.0565,0.05,15.21,15.095729
,11261.24,1.0633,0.05,15.28,15.054647
,11190.02,1.0615,0.05,15.38,15.075997
,10789.24,1.094,0.05,15.22,15.145621
,10752.1,1.0881,0.05,15.12,14.935537
,10886.09,1.088,0.05,15.12,14.873496
,10886.09,1.088,0.05,15.12,14.906584
,10886.09,1.0837,0.05,15.19,14.906131
,10673.6,1.0892,0.05,15.04,14.96008
,10592.49,1.1025,0.05,15.14,14.795859
,10598.93,1.0941,0.05,14.96,14.844128
,10340.06,1.0986,0.05,14.78,14.7310915
,10139.34,1.0992,0.05,14.78,14.523921
,10139.34,1.0992,0.05,14.78,14.478291
,10139.34,1.0992,0.05,14.64,14.484873
,10450.38,1.0931,0.05,14.92,14.382474
,10469.26,1.0912,0.05,14.96,14.671605
,10738.12,1.0826,0.05,15.12,14.703241
,10608.19,1.0868,0.05,14.86,14.889426
,10497.77,1.0915,0.05,14.86,14.654454
,10497.77,1.0915,0.05,14.86,14.615185
,10497.77,1.0915,0.05,14.74,14.616304
,10488.75,1.0957,0.05,14.77,14.524569
,10727.64,1.0912,0.05,14.9,14.537783
,10727.64,1.0963,0.05,14.9,14.696158
,10727.64,1.0959999999999999,0.05,14.9,14.688409
,10653.91,1.0968,0.05,14.9,14.688908
,10653.91,1.0968,0.05,14.9,14.671115
,10653.91,1.0968,0.05,14.91,14.672984
,10860.14,1.092,0.05,15.07,14.682458
,10743.01,1.0933,0.05,15.06,14.856272
,10743.01,1.0862,0.05,14.97,14.822561
,10743.01,1.0856,0.05,14.97,14.760095
,10283.44,1.0831,0.05,14.97,14.754275
,10283.44,1.0831,0.05,14.97,14.65513
,10283.44,1.0831,0.05,14.52,14.661523
,10310.1,1.0748,0.05,14.54,14.325035
,10214.02,1.0781,0.05,14.37,14.3461895
,9979.85,1.0932,0.05,14.18,14.1729555
,9849.34,1.0922,0.05,14.13,13.951732
,9825.07,1.0859,0.05,14.13,13.900995
,9825.07,1.0859,0.05,14.13,13.909119
,9825.07,1.0859,0.05,13.8,13.906525
,9985.43,1.0858,0.05,14.01,13.647239
,9960.96,1.0877,0.05,13.94,13.851983
,9794.2,1.0865,0.05,13.32,13.7687235
,9545.27,1.0916,0.05,13.39,13.251257
,9521.85,1.0892,0.05,13.39,13.271599
,9521.85,1.0892,0.05,13.39,13.266312
,9521.85,1.0892,0.05,13.39,13.269617
,9664.21,1.0908,0.05,13.5,13.270929
,9391.64,1.0876,0.05,13.1,13.386035
,9574.16,1.0858,0.05,13.28,13.009184
,9764.88,1.0798,0.05,13.66,13.229581
,9736.15,1.0852,0.05,13.66,13.539456
,9736.15,1.0852,0.05,13.66,13.497961
,9736.15,1.0852,0.05,13.64,13.512161
,9822.75,1.0861,0.05,13.45,13.497288
,9880.82,1.0904,0.05,13.49,13.367562
,9639.59,1.0935,0.05,13.41,13.409374
,9798.11,1.0834,0.05,13.49,13.280869
,9757.88,1.089,0.05,13.49,13.4133005
,9757.88,1.089,0.05,13.49,13.373615
,9757.88,1.089,0.05,13.61,13.382305
,9581.04,1.0919,0.05,13.58,13.475795
,9434.82,1.1049,0.05,13.34,13.404985
,9393.36,1.1198,0.05,13.27,13.179151
,9286.23,1.1159,0.05,13.09,13.124568
,8979.36,1.1188,0.05,13.09,12.985098
,8979.36,1.1188,0.05,13.09,12.9252
,8979.36,1.1188,0.05,12.55,12.943513
,8879.4,1.1288,0.05,12.6,12.531664
,9017.29,1.128,0.05,12.79,12.572549
,8752.87,1.1314,0.05,12.59,12.744359
,8967.51,1.125,0.05,12.62,12.49857
,9206.84,1.1169,0.05,12.62,12.633972
,9206.84,1.1169,0.05,12.62,12.673537
,9206.84,1.1169,0.05,12.78,12.650731
,9135.11,1.1143,0.05,12.94,12.767666
,9377.21,1.1121,0.05,13.15,12.861931
,9463.64,1.1108,0.05,13.27,13.079354
,9388.05,1.113,0.05,13.06,13.168786
,9573.59,1.1026,0.05,13.06,12.976055
,9573.59,1.1026,0.05,13.06,13.060541
,9573.59,1.1026,0.05,13.33,13.0305195
,9416.77,1.1024,0.05,13.34,13.236907
,9167.8,1.1013,0.05,13.02,13.191308
,9331.48,1.1023,0.05,13.24,12.904573
,9513.3,1.0936,0.05,13.48,13.147593
,9495.4,1.0885,0.05,13.48,13.35922
,9495.4,1.0885,0.05,13.48,13.34042
,9495.4,1.0885,0.05,13.46,13.340712
,9717.16,1.0875,0.0,13.43,13.323816
,9776.62,1.0869,0.0,13.63,13.40025
,9751.92,1.0945,0.0,13.63,13.5428505
,9824.17,1.101,0.0,13.62,13.512269
,9778.93,1.0991,0.0,13.62,13.520915
,9778.93,1.0991,0.0,13.62,13.51842
,9778.93,1.1012,0.0,13.54,13.518867
,9692.82,1.1,0.0,13.49,13.454242
,9723.09,1.0985,0.0,13.41,13.404345
,9498.15,1.1176,0.0,13.59,13.354186
,9831.13,1.115,0.0,13.59,13.413964
,9990.26,1.11,0.0,13.59,13.509262
,9990.26,1.11,0.0,13.59,13.543481
,9990.26,1.11,0.0,13.7,13.529917
,9933.85,1.1107,0.0,13.66,13.611467
,9983.41,1.1216,0.0,13.71,13.561558
,9892.2,1.1315,0.0,13.76,13.601726
,9950.8,1.1268,0.0,13.83,13.612135
,9948.64,1.1235,0.0,13.83,13.700627
,9948.64,1.1235,0.0,13.83,13.701427
,9948.64,1.1235,0.0,13.8,13.7010355
,9990.0,1.1221,0.0,13.89,13.67781
,10022.93,1.1177,0.0,13.88,13.759904
,9851.35,1.1164,0.0,13.77,13.759902
,9851.35,1.1159999999999999,0.0,13.77,13.635256
,9851.35,1.1157,0.0,13.77,13.643117
,9851.35,1.1157,0.0,13.77,13.642426
,9851.35,1.12,0.0,13.77,13.642363
,9887.94,1.1289,0.0,13.79,13.635819
,10046.61,1.1332,0.0,14.16,13.649782
,9965.51,1.1378,0.0,14.05,13.97285
,9794.64,1.1393,0.0,14.0,13.856855
,9822.08,1.1394,0.0,14.0,13.793416
,9822.08,1.1394,0.0,14.0,13.80942
,9822.08,1.1386,0.0,14.17,13.811966
,9563.36,1.138,0.0,14.01,13.946598
,9624.51,1.14,0.0,14.07,13.764616
,9530.62,1.1367,0.0,14.15,13.83644
,9622.26,1.1398,0.0,14.15,13.884588
,9682.99,1.1404,0.0,14.15,13.901833
,9682.99,1.1404,0.0,14.15,13.918886
,9682.99,1.141,0.0,14.1,13.917258
,9761.47,1.1383,0.0,13.98,13.876373
,10026.1,1.1277,0.0,14.26,13.804873
,10093.65,1.1265,0.0,14.29,14.090582
,10051.57,1.1283,0.0,14.3,14.104531
,10120.31,1.1297,0.0,14.3,14.095125
,10120.31,1.1297,0.0,14.3,14.108905
,10120.31,1.1307,0.0,14.31,14.107917
,10349.59,1.1358,0.0,14.28,14.11303
,10421.29,1.1302,0.0,14.28,14.134596
,10435.73,1.129,0.0,14.27,14.153434
,10373.49,1.1229,0.0,14.16,14.138107
,10294.35,1.1231,0.0,14.16,14.040109
,10294.35,1.1231,0.0,14.16,14.017403
,10294.35,1.1266,0.0,14.1,14.017208
,10259.59,1.1296,0.0,14.15,13.966268
,10299.83,1.1326,0.0,13.97,13.997216
,10321.15,1.1357,0.0,14.1,13.863273
,10038.97,1.1446,0.0,13.88,13.97086
,10123.27,1.146,0.0,13.88,13.719071
,10123.27,1.146,0.0,13.88,13.76033
,10123.27,1.1534,0.0,13.96,13.759148
,9926.77,1.1496,0.0,13.93,13.811706
,9828.25,1.1487,0.0,13.85,13.754779
,9851.86,1.1405,0.0,13.85,13.678919
,9869.95,1.1404,0.0,13.87,13.705719
,9980.49,1.1385,0.0,13.87,13.718188
,9980.49,1.1385,0.0,13.87,13.743948
,9980.49,1.1383,0.0,14.04,13.737336
,10045.44,1.1372,0.0,14.15,13.868056
,9975.32,1.1426,0.0,14.2,13.966141
,9862.12,1.1377,0.0,14.09,13.981651
,9952.9,1.1309,0.0,14.07,13.886946
,9952.9,1.1317,0.0,14.07,13.906104
,9952.9,1.1317,0.0,14.07,13.896457
,9952.9,1.1321,0.0,14.07,13.894388
,9890.19,1.1313,0.0,14.08,13.892739
,9943.23,1.1216,0.0,13.94,13.887829
,9795.89,1.1203,0.0,13.87,13.805711
,9916.02,1.1224,0.0,14.04,13.713855
,9842.29,1.122,0.0,14.04,13.869424
,9842.29,1.122,0.0,14.04,13.847681
,9842.29,1.122,0.0,14.05,13.852174
,10057.31,1.1141,0.0,14.14,13.861912
,10205.21,1.1155,0.0,14.32,13.990349
,10272.71,1.1194,0.0,14.33,14.14509
,10286.31,1.1115,0.0,14.4,14.15626
,10333.23,1.1108,0.0,14.4,14.224038
,10333.23,1.1108,0.0,14.4,14.228162
,10333.23,1.1138,0.0,14.43,14.226265
,10262.74,1.1134,0.0,14.45,14.244655
,10204.44,1.1187,0.0,14.36,14.247411
,10208.0,1.1151,0.0,14.35,14.161516
,10103.26,1.1359,0.0,14.37,14.166447
,10121.08,1.1351,0.0,14.37,14.129966
,10121.08,1.1351,0.0,14.37,14.154552
,10121.08,1.1355,0.0,14.47,14.1585455
,10287.68,1.1358,0.0,14.5,14.237442
,10217.03,1.1395,0.0,14.53,14.300006
,10088.87,1.1316,0.0,14.52,14.30121
,9834.62,1.1251,0.0,14.36,14.277913
,9657.44,1.1238,0.0,14.36,14.106694
,9657.44,1.1238,0.0,14.36,14.073211
,9657.44,1.1292,0.0,14.28,14.079866
,9519.2,1.1207,0.0,14.16,14.015538
,9606.71,1.126,0.0,14.2,13.912918
,9550.47,1.1225,0.0,14.01,13.95117
,9631.36,1.1277,0.0,14.07,13.798613
,9962.02,1.1355,0.0,14.07,13.853429
,9962.02,1.1355,0.0,14.07,13.911336
,9962.02,1.1314,0.0,14.21,13.904193
,10015.54,1.1242,0.0,14.18,14.01216
,10071.06,1.1296,0.0,14.17,14.003949
,10257.03,1.1385,0.0,14.17,13.994765
,9557.16,1.1117,0.0,13.99,14.024338
,9268.66,1.1028,0.0,13.99,13.771387
,9268.66,1.1028,0.0,13.99,13.723622
,9268.66,1.1025,0.0,13.63,13.731198
,9447.28,1.1065,0.0,13.75,13.461354
,9612.27,1.1125,0.0,13.96,13.595911
,9680.09,1.1106,0.0,14.05,13.766249
,9776.12,1.1136,0.0,14.25,13.846454
,9709.09,1.1134,0.0,14.25,14.01338
,9709.09,1.1134,0.0,14.25,13.999228
,9709.09,1.1154,0.0,14.22,14.005193
,9532.61,1.1076,0.0,14.11,13.982206
,9373.26,1.11,0.0,14.12,13.875065
,9418.78,1.1063,0.0,14.3,13.844309
,9629.66,1.1051,0.0,14.36,14.004066
,9833.41,1.1043,0.0,14.36,14.096304
,9833.41,1.1043,0.0,14.36,14.139464
,9833.41,1.1058,0.0,14.52,14.131159
,9964.07,1.1061,0.0,14.56,14.245258
,9930.71,1.109,0.0,14.58,14.304593
,10068.3,1.112,0.0,14.62,14.309443
,10066.9,1.1035,0.0,14.64,14.36903
,10063.13,1.1053,0.0,14.64,14.395141
,10063.13,1.1053,0.0,14.64,14.385131
,10063.13,1.1075,0.0,14.6,14.38564
,9981.24,1.1021,0.0,14.58,14.352347
,10142.01,1.1015,0.0,14.68,14.326918
,10156.21,1.1026,0.0,14.72,14.435162
,10147.46,1.0977,0.0,14.68,14.465308
,10198.24,1.0968,0.0,14.68,14.43905
,10198.24,1.0968,0.0,14.68,14.447191
,10198.24,1.0995,0.0,14.71,14.444022
,10247.76,1.0986,0.0,14.77,14.461754
,10319.55,1.1058,0.0,14.76,14.520718
,10274.93,1.1077,0.0,14.83,14.52156
,10337.5,1.1174,0.0,14.88,14.566197
,10330.52,1.1166,0.0,14.88,14.611606
,10330.52,1.1166,0.0,14.88,14.620093
,10330.52,1.1163,0.0,14.92,14.621692
,10144.34,1.1224,0.0,14.89,14.653373
,10170.21,1.1149,0.0,14.86,14.584254
,10227.86,1.113,0.0,14.86,14.583729
,10367.21,1.1086,0.0,15.04,14.597154
,10432.36,1.1088,0.0,15.04,14.765558
,10432.36,1.1088,0.0,15.04,14.779406
,10432.36,1.1088,0.0,15.03,14.778093
,10692.9,1.1117,0.0,15.08,14.769202
,10650.89,1.1176,0.0,15.02,14.86209
,10742.84,1.1137,0.0,15.07,14.799903
,10713.43,1.1162,0.0,15.07,14.858007
,10739.21,1.1164,0.0,15.07,14.845415
,10739.21,1.1164,0.0,15.07,14.850568
,10739.21,1.1184,0.0,15.07,14.849937
,10676.65,1.1279,0.0,15.07,14.847673
,10537.67,1.1289,0.0,15.01,14.826901
,10603.03,1.1354,0.0,15.09,14.755145
,10544.36,1.1325,0.0,15.04,14.829229
,10494.35,1.1295,0.0,15.04,14.788729
,10494.35,1.1295,0.0,15.04,14.779435
,10494.35,1.1320000000000001,0.0,15.07,14.7798395
,10592.88,1.1305,0.0,15.2,14.80194
,10622.97,1.1264,0.0,15.17,14.928124
,10529.59,1.1287,0.0,15.04,14.919762
,10587.77,1.1185,0.0,15.07,14.79416
,10544.44,1.1195,0.0,15.07,14.8350935
,10544.44,1.1195,0.0,15.07,14.8175535
,10544.44,1.119,0.0,15.07,14.81685
,10657.64,1.1149,0.0,15.1,14.817565
,10592.69,1.1156,0.0,15.0,14.869049
,10534.31,1.1198,0.0,14.98,14.774516
,10683.82,1.1143,0.0,15.09,14.737404
,10672.22,1.1143,0.0,15.09,14.860444
,10672.22,1.115,0.0,15.09,14.85661
,10672.22,1.115,0.0,15.05,14.854968
,10687.14,1.1255,0.0,15.13,14.824784
,10752.98,1.1239,0.0,15.21,14.878902
,10675.29,1.126,0.0,15.15,14.964174
,10573.44,1.1233,0.0,15.02,14.903093
,10431.77,1.1219,0.0,15.02,14.783568
,10431.77,1.1234,0.0,15.02,14.7487335
,10431.77,1.1235,0.0,14.79,14.749324
,10386.6,1.122,0.0,14.81,14.577482
,10378.4,1.125,0.0,14.84,14.577709
,10431.2,1.1244,0.0,14.83,14.591815
,10276.17,1.1155,0.0,14.94,14.599129
,10373.87,1.1142,0.0,14.94,14.655957
,10373.87,1.1175,0.0,14.94,14.67952
,10373.87,1.1175,0.0,15.06,14.678251
,10393.86,1.1151,0.0,15.01,14.770755
,10436.49,1.1189,0.0,15.01,14.744851
,10674.18,1.1208,0.0,15.22,14.7501
,10626.97,1.1226,0.0,15.17,14.962299
,10393.71,1.1221,0.0,15.17,14.917359
,10393.71,1.1254,0.0,15.17,14.862957
,10393.71,1.1254,0.0,15.01,14.864065
,10361.48,1.1215,0.0,15.08,14.750311
,10438.34,1.1217,0.0,15.14,14.795542
,10405.54,1.1222,0.0,15.22,14.857056
,10511.02,1.1235,0.0,15.08,14.911412
,10511.02,1.1211,0.0,15.08,14.833496
,10511.02,1.1211,0.0,15.08,14.830562
,10511.02,1.1211,0.0,15.14,14.824674
,10619.61,1.1204,0.0,15.22,14.8677845
,10585.78,1.1205,0.0,15.19,14.955278
,10568.8,1.1151,0.0,15.16,14.927036
,10490.86,1.1201,0.0,15.15,14.90349
,10624.08,1.1139,0.0,15.15,14.870172
,10624.08,1.1139,0.0,15.15,14.908583
,10624.08,1.1139,0.0,15.24,14.90416
,10577.16,1.1054,0.0,15.03,14.968817
,10523.07,1.1007,0.0,14.91,14.809673
,10414.07,1.102,0.0,14.72,14.698931
,10580.38,1.0972,0.0,14.92,14.518946
,10503.57,1.1,0.0,14.92,14.704233
,10503.57,1.1,0.0,14.92,14.681437
,10503.57,1.1,0.0,14.74,14.683533
,10631.55,1.0981,0.0,14.99,14.5482235
,10645.68,1.0974,0.0,15.04,14.761411
,10701.39,1.0929,0.0,15.05,14.80417
,10710.73,1.088,0.0,15.02,14.830129
,10761.17,1.0873,0.0,15.02,14.811693
,10761.17,1.0873,0.0,15.02,14.817996
,10761.17,1.0873,0.0,15.22,14.814816
,10757.31,1.0886,0.0,15.17,14.96244
,10709.68,1.0908,0.0,15.0,14.932898
,10717.08,1.0897,0.0,15.05,14.795866
,10696.19,1.0985,0.0,14.97,14.831025
,10665.01,1.0984,0.0,14.97,14.758342
,10665.01,1.0984,0.0,14.97,14.75312
,10665.01,1.097,0.0,14.85,14.753002
,10526.16,1.1055,0.0,14.85,14.663248
,10370.93,1.1094,0.0,14.62,14.6199255
,10325.88,1.1098,0.0,14.53,14.41116
,10259.13,1.1136,0.0,14.51,14.334344
,10456.95,1.1044,0.0,14.51,14.299169
,10456.95,1.1044,0.0,14.51,14.355575
,10456.95,1.1044,0.0,14.66,14.343908
,10482.32,1.1017,0.0,14.72,14.453859
,10646.01,1.0917,0.0,14.76,14.509354
,10630.12,1.089,0.0,14.79,14.586591
,10667.95,1.0846,0.0,14.51,14.600948
,10693.69,1.0825,0.0,14.51,14.394962
,10693.69,1.0825,0.0,14.51,14.390221
,10693.69,1.0747,0.0,14.42,14.379235
,10735.14,1.0722,0.0,14.49,14.313187
,10663.87,1.0704,0.0,14.53,14.368894
,10685.54,1.0622,0.0,14.67,14.381263
,10664.56,1.0587,0.0,14.73,14.500391
,10685.13,1.0637,0.0,14.73,14.544854
,10685.13,1.0637,0.0,14.73,14.548161
,10685.13,1.0637,0.0,14.78,14.553606
,10713.85,1.0631,0.0,14.85,14.592817
,10662.44,1.0544,0.0,14.76,14.654381
,10689.26,1.0559,0.0,14.82,14.586955
,10699.27,1.0572,0.0,14.83,14.630701
,10582.67,1.062,0.0,14.83,14.640362
,10582.67,1.062,0.0,14.83,14.614579
,10582.67,1.062,0.0,14.79,14.620437
,10620.49,1.0646,0.0,14.74,14.593734
,10640.3,1.0589,0.0,14.8,14.561222
,10534.05,1.0662,0.0,14.63,14.613843
,10513.35,1.0673,0.0,14.52,14.453484
,10684.83,1.0755,0.0,14.52,14.365362
,10684.83,1.0755,0.0,14.52,14.388801
,10684.83,1.0755,0.0,14.66,14.386159
,10775.32,1.0718,0.0,14.66,14.489129
,10986.69,1.0757,0.0,14.63,14.513235
,11179.42,1.062,0.0,14.87,14.5289955
,11203.63,1.0558,0.0,14.97,14.75401
,11190.21,1.0642,0.0,14.97,14.829328
,11190.21,1.0642,0.0,14.97,14.822169
,11190.21,1.0642,0.0,14.92,14.827356
,11284.65,1.0626,0.0,14.98,14.791007
,11244.84,1.0511,0.0,14.97,14.85447
,11366.4,1.0418,0.0,14.96,14.843031
,11404.01,1.0435,0.0,14.97,14.857166
,11426.7,1.0403,0.0,14.97,14.862483
,11426.7,1.0403,0.0,14.97,14.864332
,11426.7,1.0403,0.0,14.93,14.860201
,11464.74,1.0390000000000001,0.0,14.94,14.828548
,11468.4102,1.0427,0.0,14.91,14.841022
,11443.0498,1.0439,0.0,14.91,14.815667
,11448.4102,1.0448,0.0,14.91,14.80914
,11476.6201,1.0453,0.0,14.91,14.810067
,11476.6201,1.0453,0.0,14.91,14.815937
,11476.6201,1.0453,0.0,14.91,14.815478
,11476.6201,1.046,0.0,15.02,14.814936
,11474.99,1.042,0.0,14.93,14.896871
,11451.05,1.0593,0.0,14.87,14.836471
,11481.06,1.0525,0.0,14.79,14.776643
,11481.06,1.0525,0.0,14.79,14.729122
,11598.33,1.0458,0.0,14.79,14.721236
,11598.33,1.0458,0.0,14.75,14.743804
,11584.24,1.0419,0.0,14.88,14.705794
,11584.31,1.0493,0.0,14.96,14.796466
,11584.94,1.0607,0.0,15.12,14.857108
,11599.01,1.0523,0.0,15.15,14.984169
,11563.99,1.0588,0.0,15.15,15.02891
,11563.99,1.0588,0.0,15.15,15.02515
,11563.99,1.0588,0.0,15.19,15.031182
,11583.3,1.0554,0.0,15.21,15.063491
,11646.17,1.0595,0.0,15.26,15.086506
,11521.04,1.0652,0.0,15.21,15.137034
,11629.18,1.0632,0.0,15.32,15.077142
,11554.71,1.0602,0.0,15.32,15.183942
,11554.71,1.0602,0.0,15.32,15.175143
,11554.71,1.0602,0.0,15.32,15.176755
,11540.0,1.0697,0.0,15.23,15.178799
,11599.39,1.0627,0.0,15.26,15.108165
,11596.89,1.0659999999999998,0.0,15.32,15.14256
,11630.13,1.0699,0.0,15.32,15.182967
,11545.75,1.0761,0.0,15.32,15.193392
,11545.75,1.0761,0.0,15.32,15.176555
,11545.75,1.0761,0.0,15.26,15.1806135
,11587.0801,1.0728,0.0,15.28,15.137911
,11806.05,1.0751,0.0,15.45,15.159052
,11838.4805,1.0682,0.0,15.52,15.330135
,11814.27,1.0694,0.0,15.48,15.3951235
,11681.89,1.0708,0.0,15.48,15.362267
,11681.89,1.0708,0.0,15.48,15.332307
,11681.89,1.0708,0.0,15.35,15.33546
,11585.0,1.0803,0.0,15.35,15.242013
,11659.5,1.0766,0.0,15.42,15.212295
,11627.95,1.0761,0.0,15.43,15.283639
,11666.0303,1.0772,0.0,15.45,15.287961
,11509.84,1.0783,0.0,15.45,15.312598
,11509.84,1.0783,0.0,15.45,15.281197
,11509.84,1.0743,0.0,15.43,15.284937
,11549.44,1.0679,0.0,15.5,15.274268
,11543.38,1.0693,0.0,15.48,15.333669
,11642.86,1.0658,0.0,15.62,15.319826
,11666.97,1.0638,0.0,15.75,15.443174
,11774.43,1.0597,0.0,15.75,15.55012
,11774.43,1.0597,0.0,15.75,15.582741
,11774.43,1.0597,0.0,15.82,15.582802
,11771.81,1.0577,0.0,15.82,15.632408
,11793.93,1.0601,0.0,15.92,15.637063
,11757.24,1.0671,0.0,15.98,15.715268
,11757.02,1.0612,0.0,15.91,15.763011
,11827.62,1.061,0.0,15.91,15.721195
,11827.62,1.061,0.0,15.91,15.732004
,11827.62,1.061,0.0,15.96,15.730468
,11967.49,1.0541,0.0,16.03,15.764623
,11998.59,1.0547,0.0,16.02,15.843634
,11947.83,1.0585,0.0,16.05,15.8459425
,11804.03,1.056,0.0,15.95,15.856453
,11822.67,1.0583,0.0,15.95,15.757668
,11822.67,1.0583,0.0,15.95,15.757224
,11822.67,1.0583,0.0,16.01,15.758876
,11834.41,1.0568,0.0,16.05,15.801738
,12067.19,1.0536,0.0,16.18,15.837104
,12059.57,1.0505,0.0,16.22,15.979156
,12027.36,1.0618,0.0,16.17,16.01049
,11958.4,1.0577,0.0,16.17,15.980191
,11958.4,1.0577,0.0,16.17,15.961977
,11958.4,1.0577,0.0,16.15,15.962439
,11966.14,1.0569,0.0,16.12,15.949816
,11967.31,1.0546,0.0,16.15,15.928692
,11978.39,1.0577,0.0,16.13,15.945039
,11963.18,1.0668,0.0,16.22,15.936806
,11990.03,1.0651,0.0,16.22,16.002035
,11990.03,1.0651,0.0,16.22,16.017008
,11990.03,1.0651,0.0,16.2,16.01828
,11988.79,1.0612,0.0,16.13,16.004486
,12009.87,1.0737,0.0,16.17,15.950381
,12083.18,1.0772,0.0,16.24,15.984032
,12095.24,1.0737,0.0,16.24,16.056454
,12052.9,1.0735,0.0,16.24,16.06201
,12052.9,1.0735,0.0,16.24,16.051172
,12052.9,1.0735,0.0,16.25,16.051329
,11962.13,1.0812,0.0,16.12,16.059086
,11904.12,1.079,0.0,15.99,15.954073
,12039.68,1.0784,0.0,16.05,15.837821
,12064.27,1.0795,0.0,16.08,15.897694
,11996.07,1.0859999999999999,0.0,16.08,15.925419
,11996.07,1.0859999999999999,0.0,16.08,15.914209
,11996.07,1.0859999999999999,0.0,15.91,15.91555
,12149.42,1.0818,0.0,16.02,15.793679
,12203.0,1.0759,0.0,16.14,15.888804
,12256.43,1.0687,0.0,16.2,15.983596
,12312.87,1.0653,0.0,16.18,16.038134
,12257.2,1.067,0.0,16.18,16.037043
,12257.2,1.067,0.0,16.18,16.02358
,12257.2,1.067,0.0,16.21,16.024166
,12282.34,1.0673,0.0,16.11,16.046106
,12217.54,1.0672,0.0,16.17,15.984924
,12230.89,1.0644,0.0,16.1,16.003706
,12225.06,1.0589,0.0,16.03,15.959627
,12200.52,1.0597,0.0,16.03,15.898448
,12200.52,1.0597,0.0,16.03,15.884971
,12200.52,1.0597,0.0,16.12,15.883741
,12133.74,1.0611,0.0,16.03,15.946744
,12154.7,1.067,0.0,16.06,15.878749
,12109.0,1.0615,0.0,16.03,15.904175
,12109.0,1.0586,0.0,16.03,15.873208
,12030.7998,1.0643,0.0,16.03,15.868473
,12030.7998,1.0643,0.0,16.03,15.855507
,12030.7998,1.0643,0.0,16.03,15.858863
,12030.7998,1.0729,0.0,16.15,15.860842
,12016.45,1.0714,0.0,16.18,15.952154
,12027.32,1.0714,0.0,16.13,15.983084
,12048.57,1.0694,0.0,16.23,15.95623
,12454.98,1.0865,0.0,16.23,16.02703
,12454.98,1.0865,0.0,16.23,16.141195
,12454.98,1.0865,0.0,16.4,16.137049
,12473.04,1.0929,0.0,16.52,16.246618
,12472.8,1.0908,0.0,16.55,16.354681
,12443.79,1.0863,0.0,16.55,16.388506
,12438.01,1.0884,0.0,16.66,16.38257
,12507.9,1.0908,0.0,16.66,16.461725
,12507.9,1.0908,0.0,16.66,16.49539
,12507.9,1.0908,0.0,16.66,16.498169
,12507.9,1.0935,0.0,16.79,16.498322
,12527.84,1.0908,0.0,16.8,16.5906
,12647.78,1.0946,0.0,16.81,16.612713
,12716.89,1.0987,0.0,16.88,16.656265
,12694.55,1.0932,0.0,16.88,16.72563
,12694.55,1.0932,0.0,16.88,16.71535
,12694.55,1.0932,0.0,16.9,16.714462
,12749.12,1.0891,0.0,16.96,16.728016
,12757.46,1.0869,0.0,16.93,16.775131
,12711.06,1.0868,0.0,16.84,16.758497
,12770.41,1.0923,0.0,16.88,16.685205
,12807.04,1.0978,0.0,16.88,16.726215
,12807.04,1.0978,0.0,16.88,16.746447
,12807.04,1.0978,0.0,16.97,16.744385
,12801.88,1.1083,0.0,17.02,16.802021
,12631.61,1.1146,0.0,16.83,16.863066
,12590.06,1.1126,0.0,16.68,16.714195
,12638.69,1.1195,0.0,16.9,16.580814
,12619.46,1.1248,0.0,16.9,16.734562
,12619.46,1.1248,0.0,16.9,16.760723
,12619.46,1.1248,0.0,16.98,16.76467
,12659.15,1.1229,0.0,17.02,16.819618
,12642.87,1.1184,0.0,16.97,16.862858
,12621.72,1.1213,0.0,16.97,16.823652
,12602.18,1.1184,0.0,17.17,16.819365
,12628.95,1.1177,0.0,17.17,16.94474
,12628.95,1.1177,0.0,17.17,16.975536
,12628.95,1.1177,0.0,17.15,16.982025
,12598.68,1.1177,0.0,17.14,16.971134
,12615.06,1.1245,0.0,17.06,16.956161
,12664.92,1.1225,0.0,17.16,16.91804
,12822.94,1.1275,0.0,17.26,16.983942
,12690.12,1.1252,0.0,17.26,17.10572
,12690.12,1.1252,0.0,17.26,17.078108
,12690.12,1.1252,0.0,17.26,17.080606
,12690.12,1.1265,0.0,17.38,17.082659
,12672.49,1.1262,0.0,17.35,17.166393
,12713.58,1.1222,0.0,17.39,17.157476
,12815.72,1.1184,0.0,17.46,17.186066
,12690.44,1.1202,0.0,17.46,17.252726
,12690.44,1.1202,0.0,17.46,17.234743
,12690.44,1.1202,0.0,16.89,17.239737
,12764.98,1.1206,0.0,17.17,16.85507
,12805.95,1.1278,0.0,17.27,16.996542
,12691.81,1.115,0.0,17.03,17.104227
,12752.73,1.1198,0.0,17.11,16.90206
,12888.95,1.1168,0.0,17.11,16.95439
,12888.95,1.1168,0.0,17.11,16.985716
,12888.95,1.1168,0.0,17.25,16.981651
,12814.79,1.1126,0.0,17.31,17.071095
,12774.26,1.1143,0.0,17.3,17.099995
,12798.21,1.1157,0.0,17.36,17.101019
,12733.41,1.12,0.0,17.36,17.154806
,12770.83,1.1202,0.0,17.36,17.158949
,12770.83,1.1202,0.0,17.36,17.172894
,12770.83,1.1202,0.0,17.52,17.173859
,12671.02,1.1286,0.0,17.34,17.279465
,12647.27,1.1363,0.0,17.17,17.174763
,12416.19,1.1426,0.0,17.32,17.054249
,12325.12,1.1405,0.0,17.25,17.087456
,12475.31,1.1368,0.0,17.25,17.032372
,12475.31,1.1368,0.0,17.25,17.0622
,12475.31,1.1368,0.0,17.25,17.061672
,12437.13,1.1351,0.0,17.12,17.060677
,12453.68,1.1329,0.0,17.13,16.959044
,12381.25,1.1405,0.0,17.13,16.950247
,12388.68,1.1391,0.0,17.27,16.943155
,12445.92,1.1388,0.0,17.27,17.03896
,12445.92,1.1388,0.0,17.27,17.071041
,12445.92,1.1388,0.0,17.3,17.074358
,12437.02,1.1419,0.0,17.41,17.095173
,12626.58,1.1419,0.0,17.56,17.177113
,12641.33,1.1404,0.0,17.68,17.33947
,12631.72,1.1447,0.0,17.68,17.438637
,12587.16,1.1471,0.0,17.68,17.46418
,12587.16,1.1471,0.0,17.68,17.4628
,12587.16,1.1471,0.0,17.78,17.464825
,12435.32,1.1581,0.0,17.77,17.532751
,12452.05,1.1518,0.0,18.02,17.527294
,12447.25,1.1634,0.0,18.07,17.691454
,12240.06,1.1657,0.0,18.06,17.791296
,12208.95,1.1643,0.0,18.06,17.755987
,12208.95,1.1643,0.0,18.06,17.754356
,12208.95,1.1643,0.0,18.13,17.761799
,12264.31,1.1662,0.0,18.13,17.814457
,12300.18,1.163,0.0,18.19,17.846601
,12212.04,1.1666,0.0,18.22,17.891891
,12162.7,1.1747,0.0,17.97,17.907064
,12118.25,1.179,0.0,17.97,17.748335
,12118.25,1.179,0.0,17.97,17.712282
,12118.25,1.179,0.0,18.01,17.704897
,12251.29,1.181,0.0,18.03,17.730175
,12181.48,1.1857,0.0,18.01,17.788633
,12154.72,1.1879,0.0,17.93,17.76733
,12297.72,1.1751,0.0,17.99,17.704744
,12257.17,1.1795,0.0,17.99,17.742142
,12257.17,1.1795,0.0,17.99,17.74364
,12257.17,1.1795,0.0,18.08,17.743591
,12292.05,1.1737,0.0,18.1,17.805313
,12154.0,1.1742,0.0,17.95,17.828392
,12014.3,1.1749,0.0,17.83,17.695509
,12014.06,1.1791,0.0,17.62,17.55978
,12165.12,1.1783,0.0,17.62,17.404572
,12165.12,1.1783,0.0,17.62,17.411724
,12165.12,1.1783,0.0,17.86,17.401735
,12177.04,1.1718,0.0,17.86,17.56103
,12263.86,1.1704,0.0,17.94,17.584444
,12203.46,1.1742,0.0,17.93,17.666525
,12165.19,1.175,0.0,17.6,17.665592
,12065.99,1.1817,0.0,17.6,17.429941
,12065.99,1.1817,0.0,17.6,17.369818
,12065.99,1.1817,0.0,17.63,17.36099
,12229.34,1.1764,0.0,17.75,17.380013
,12174.3,1.1815,0.0,17.85,17.499214
,12180.83,1.1805,0.0,17.77,17.579382
,12167.94,1.1872,0.0,17.84,17.542068
,12123.47,1.1955,0.0,17.84,17.592705
,12123.47,1.1955,0.0,17.84,17.606323
,12123.47,1.1955,0.0,17.73,17.608212
,11945.88,1.2026,0.0,17.66,17.531036
,12002.47,1.1915,0.0,17.83,17.428953
,12055.84,1.1889,0.0,18.05,17.530224
,12142.64,1.1879,0.0,18.12,17.71553
,12102.21,1.1912,0.0,18.12,17.826473
,12102.21,1.1912,0.0,18.12,17.844501
,12102.21,1.1912,0.0,18.13,17.850983
,12123.71,1.1922,0.0,18.09,17.86037
,12214.54,1.1938,0.0,18.03,17.843033
,12296.63,1.2007,0.0,18.07,17.823074
,12303.98,1.202,0.0,18.08,17.874775
,12475.24,1.1983,0.0,18.08,17.883602
,12475.24,1.1983,0.0,18.08,17.91779
,12475.24,1.1983,0.0,18.2,17.908699
,12524.77,1.1953,0.0,18.22,17.984539
,12553.57,1.1916,0.0,18.25,18.019026
,12540.45,1.1872,0.0,18.17,18.042595
,12518.81,1.1963,0.0,18.11,17.9764
,12559.39,1.1954,0.0,18.11,17.941841
,12559.39,1.1954,0.0,18.11,17.938993
,12559.39,1.1954,0.0,18.22,17.93356
,12561.79,1.1979,0.0,18.12,18.00651
,12569.17,1.1996,0.0,18.17,17.95993
,12600.03,1.1922,0.0,18.08,17.988697
,12592.35,1.1969,0.0,18.08,17.919071
,12594.81,1.1868,0.0,18.08,17.915236
,12594.81,1.1868,0.0,18.08,17.885975
,12594.81,1.1868,0.0,17.93,17.885862
,12605.2,1.1766,0.0,17.88,17.78348
,12661.7002,1.1731,0.0,17.92,17.705488
,12704.65,1.1785,0.0,17.95,17.728065
,12828.86,1.1822,0.0,18.04,17.776157
,12902.65,1.1736,0.0,18.04,17.883162
,12902.65,1.1736,0.0,18.04,17.887241
,12902.65,1.1736,0.0,18.2,17.88413
,12970.52,1.1754,0.0,18.2,17.990044
,12970.52,1.1761,0.0,18.22,18.036074
,12968.05,1.1714,0.0,18.34,18.054626
,12955.94,1.1732,0.0,18.47,18.12393
,12976.8203,1.1737,0.0,18.47,18.233952
,12976.8203,1.1737,0.0,18.47,18.267694
,12976.8203,1.1737,0.0,18.52,18.275307
,12949.25,1.1816,0.0,18.51,18.312714
,12970.68,1.1843,0.0,18.47,18.332392
,12982.89,1.1846,0.0,18.51,18.320107
,12991.87,1.1835,0.0,18.52,18.344246
,13003.7,1.1797,0.0,18.52,18.351896
,13003.7,1.1797,0.0,18.52,18.343527
,13003.7,1.1797,0.0,18.53,18.34359
,12995.06,1.1752,0.0,18.59,18.35091
,13043.03,1.1776,0.0,18.59,18.377243
,12990.1,1.1853,0.0,18.48,18.410662
,12991.28,1.1787,0.0,18.67,18.345444
,13003.14,1.1744,0.0,18.67,18.440317
,13003.14,1.1744,0.0,18.67,18.454731
,13003.14,1.1744,0.0,18.64,18.463593
,13013.19,1.1761,0.0,18.53,18.446861
,12953.41,1.181,0.0,18.57,18.376177
,13133.28,1.1703,0.0,18.58,18.385292
,13217.54,1.1582,0.0,18.87,18.410637
,13229.57,1.1595,0.0,18.87,18.589417
,13229.57,1.1595,0.0,18.87,18.638714
,13229.57,1.1627,0.0,19.04,18.651468
,13465.51,1.1649,0.0,18.99,18.789677
,13465.51,1.1616,0.0,18.99,18.864388
,13440.93,1.1673,0.0,19.04,18.841518
,13478.86,1.1617,0.0,19.1,18.887629
,13468.79,1.1614,0.0,19.1,18.923067
,13468.79,1.1614,0.0,19.1,18.92871
,13468.79,1.1586,0.0,19.26,18.932987
,13379.27,1.1576,0.0,19.21,19.038708
,13382.42,1.1585,0.0,19.1,18.996702
,13182.56,1.1625,0.0,19.0,18.929686
,13127.47,1.1662,0.0,19.05,18.799845
,13074.42,1.1657,0.0,19.05,18.82552
,13074.42,1.1657,0.0,19.05,18.817213
,13074.42,1.1664,0.0,19.06,18.8248
,13033.48,1.1754,0.0,19.01,18.838552
,12976.37,1.1801,0.0,18.92,18.828133
,13047.22,1.1772,0.0,19.09,18.755415
,12993.73,1.1782,0.0,19.14,18.872646
,13058.66,1.1767,0.0,19.14,18.91479
,13058.66,1.1767,0.0,19.14,18.943424
,13058.66,1.1748,0.0,19.18,18.945318
,13167.54,1.1725,0.0,19.31,18.967163
,13015.04,1.1786,0.0,19.32,19.09374
,13008.55,1.1842,0.0,19.32,19.096697
,13059.84,1.1937,0.0,19.38,19.128399
,13000.2,1.1935,0.0,19.38,19.230438
,13000.2,1.1935,0.0,19.38,19.215189
,13000.2,1.1918,0.0,19.45,19.215685
,13059.53,1.1867,0.0,19.45,19.260187
,13061.87,1.185,0.0,19.33,19.271538
,13023.98,1.1923,0.0,19.23,19.180187
,12861.49,1.1866,0.0,19.23,19.10608
,13058.55,1.1874,0.0,19.23,19.010963
,13058.55,1.1874,0.0,19.23,19.08245
,13058.55,1.185,0.0,19.23,19.078325
,13048.54,1.1831,0.0,19.05,19.065035
,12998.85,1.1789,0.0,18.93,18.919773
,13045.15,1.179,0.0,19.03,18.772655
,13153.7,1.1751,0.0,19.29,18.837336
,13123.65,1.177,0.0,19.29,19.052086
,13123.65,1.177,0.0,19.29,19.089077
,13123.65,1.1795,0.0,19.31,19.099417
,13183.53,1.1729,0.0,19.32,19.126932
,13125.64,1.1757,0.0,19.37,19.130194
,13068.08,1.1775,0.0,19.39,19.162159
,13103.56,1.1765,0.0,19.35,19.176523
,13312.3,1.1747,0.0,19.35,19.164501
,13312.3,1.1747,0.0,19.35,19.222244
,13312.3,1.1812,0.0,19.58,19.212786
,13215.79,1.181,0.0,19.53,19.403038
,13069.17,1.1882,0.0,19.49,19.361574
,13109.74,1.186,0.0,19.52,19.315825
,13072.79,1.1834,0.0,19.49,19.341637
,13072.79,1.1834,0.0,19.49,19.304144
,13072.79,1.1834,0.0,19.49,19.306469
,13072.79,1.1834,0.0,19.49,19.309782
,13072.79,1.1865,0.0,19.49,19.312737
,13070.02,1.1893,0.0,19.51,19.327244
,12979.94,1.1938,0.0,19.56,19.352259
,12917.64,1.2008,0.0,19.57,19.379
,12917.64,1.2008,0.0,19.57,19.403267
,12917.64,1.2008,0.0,19.57,19.408072
,12871.39,1.2008,0.0,19.57,19.409618
,12871.39,1.2057,0.0,19.65,19.39457
,12978.21,1.2012,0.0,19.89,19.476269
,13167.89,1.2067,0.0,20.13,19.68655
,13319.64,1.2028,0.0,20.15,19.99302
,13367.78,1.2038,0.0,20.15,20.077164
,13367.78,1.2038,0.0,20.15,20.093601
,13367.78,1.1965,0.0,20.27,20.075233
,13385.59,1.1935,0.0,20.34,20.117985
,13281.34,1.1945,0.0,20.28,20.176905
,13202.9,1.2031,0.0,20.41,20.114586
,13245.03,1.2185,0.0,20.58,20.220217
,13200.51,1.2197,0.0,20.58,20.451122
,13200.51,1.2197,0.0,20.58,20.464716
,13200.51,1.2261,0.0,20.68,20.462618
,13246.33,1.2259,0.0,20.89,20.555658
,13183.96,1.2184,0.0,20.65,20.734514
,13281.43,1.2237,0.0,20.81,20.530867
,13434.45,1.222,0.0,20.91,20.675655
,13463.69,1.2253,0.0,20.91,20.81034
,13463.69,1.2253,0.0,20.91,20.854374
,13463.69,1.226,0.0,20.96,20.849415
,13559.6,1.2297,0.0,21.28,20.880604
,13414.74,1.2406,0.0,21.44,21.166061
,13298.36,1.2395,0.0,21.29,21.325039
,13340.17,1.2419,0.0,21.47,21.20386
,13324.48,1.2425,0.0,21.47,21.335987
,13324.48,1.2425,0.0,21.47,21.353725
,13324.48,1.2381,0.0,21.71,21.360481
,13197.71,1.24,0.0,21.33,21.509119
,13189.48,1.242,0.0,21.58,21.243076
,13003.9,1.2508,0.0,21.4,21.371492
,12785.16,1.246,0.0,21.17,21.23458
,12687.49,1.2451,0.0,21.17,20.937891
,12687.49,1.2451,0.0,21.17,20.8539
,12687.49,1.2367,0.0,20.77,20.860554
,12392.66,1.2376,0.0,20.29,20.547722
,12590.43,1.2262,0.0,20.6,20.035086
,12260.29,1.2245,0.0,20.34,20.245031
,12107.48,1.2233,0.0,19.81,20.004835
,12282.77,1.2246,0.0,19.81,19.574478
,12282.77,1.2246,0.0,19.81,19.616568
,12282.77,1.2291,0.0,20.03,19.640596
,12196.5,1.235,0.0,20.14,19.841059
,12339.16,1.2448,0.0,20.26,19.95465
,12346.17,1.2505,0.0,20.85,20.15216
,12451.96,1.2404,0.0,20.94,20.627775
,12385.6,1.2406,0.0,20.94,20.766045
,12385.6,1.2406,0.0,20.94,20.748472
,12385.6,1.2407,0.0,20.91,20.725702
,12487.9,1.2336,0.0,20.88,20.683914
,12470.49,1.2282,0.0,21.01,20.650726
,12461.91,1.2329,0.0,20.87,20.707298
,12483.79,1.2293,0.0,20.95,20.636074
,12527.04,1.2284,0.0,20.95,20.669321
,12527.04,1.2284,0.0,20.95,20.68962
,12527.04,1.2316,0.0,21.34,20.690554
,12490.73,1.2231,0.0,21.34,20.995787
,12435.85,1.2193,0.0,21.38,21.008223
,12190.94,1.2267,0.0,20.87,21.019058
,11913.71,1.2317,0.0,20.5,20.589672
,12090.87,1.2312,0.0,20.5,20.160458
,12090.87,1.2312,0.0,20.5,20.186325
,12090.87,1.2335,0.0,20.75,20.21426
,12113.87,1.2402,0.0,21.23,20.441505
,12245.36,1.2412,0.0,21.2,20.897787
,12355.57,1.2309999999999999,0.0,21.44,21.006817
,12346.68,1.2305,0.0,21.66,21.169846
,12418.39,1.2309,0.0,21.66,21.339493
,12418.39,1.2309,0.0,21.66,21.383678
,12418.39,1.2332,0.0,21.93,21.367054
,12221.03,1.2389,0.0,21.91,21.553411
,12237.74,1.2365,0.0,21.78,21.523262
,12345.56,1.2304,0.0,21.81,21.421932
,12389.58,1.2287,0.0,21.84,21.429873
,12217.02,1.2282,0.0,21.84,21.45716
,12217.02,1.2282,0.0,21.84,21.400644
,12217.02,1.2333,0.0,21.46,21.4075
,12307.33,1.224,0.0,21.51,21.153458
,12309.15,1.2336,0.0,21.48,21.124058
,12100.08,1.23,0.0,21.03,21.14059
,11886.31,1.2351,0.0,20.85,20.709988
,11787.26,1.236,0.0,20.85,20.456274
,11787.26,1.236,0.0,20.85,20.423658
,11787.26,1.2442,0.0,20.76,20.474566
,11970.83,1.2401,0.0,21.04,20.481386
,11940.71,1.2307,0.0,20.34,20.75267
,12096.73,1.2301,0.0,20.1,20.209324
,12096.73,1.2321,0.0,20.1,19.967937
,12002.45,1.2314,0.0,20.1,19.917341
,12002.45,1.2314,0.0,20.1,19.882692
,12002.45,1.23,0.0,20.1,19.895994
,12002.45,1.2269,0.0,20.13,19.901285
,11957.9,1.2277,0.0,19.97,19.918653
,12305.19,1.2238,0.0,20.7,19.791666
,12241.27,1.2281,0.0,20.59,20.42773
,12261.75,1.2268,0.0,20.59,20.435265
,12261.75,1.2268,0.0,20.59,20.417225
,12261.75,1.2319,0.0,20.42,20.389803
,12397.32,1.2354,0.0,20.51,20.260803
,12293.97,1.2365,0.0,20.65,20.346436
,12415.01,1.2325,0.0,20.78,20.412947
,12442.4,1.2329,0.0,20.82,20.553387
,12391.41,1.2331,0.0,20.82,20.608534
,12391.41,1.2331,0.0,20.82,20.588432
,12391.41,1.2378,0.0,20.73,20.579025
,12585.57,1.237,0.0,21.12,20.521822
,12590.83,1.2372,0.0,21.33,20.859827
,12567.42,1.2344,0.0,21.33,21.0664
,12540.5,1.2286,0.0,21.23,21.077663
,12572.39,1.2276,0.0,21.23,20.961391
,12572.39,1.2276,0.0,21.23,20.943056
,12572.39,1.2207,0.0,21.11,20.934464
,12550.82,1.2229999999999999,0.0,21.07,20.813643
,12422.3,1.2159,0.0,20.28,20.769255
,12500.47,1.2101,0.0,20.79,20.088974
,12580.87,1.2128,0.0,21.03,20.374197
,12612.11,1.212,0.0,21.03,20.676527
,12612.11,1.212,0.0,21.03,20.752794
,12612.11,1.2077,0.0,21.12,20.763105
,12612.11,1.1993,0.0,21.12,20.807272
,12802.25,1.195,0.0,20.98,20.780756
,12690.15,1.1987,0.0,20.83,20.725023
,12819.6,1.1958,0.0,20.83,20.564297
,12948.14,1.1959,0.0,20.83,20.566095
,12948.14,1.1959,0.0,20.83,20.602062
,12948.14,1.192,0.0,21.33,20.59434
,12877.09,1.1862,0.0,21.29,20.941576
,12943.06,1.185,0.0,21.39,20.932802
,13022.87,1.1913,0.0,21.39,21.040314
,13001.24,1.1942,0.0,21.73,21.111881
,12977.71,1.1951,0.0,21.73,21.363228
,12977.71,1.1951,0.0,21.73,21.401571
,12977.71,1.1925,0.0,21.81,21.40801
,12970.04,1.1837,0.0,21.4,21.445507
,12996.33,1.1807,0.0,21.61,21.110106
,13114.61,1.1793,0.0,21.58,21.196478
,13077.72,1.1775,0.0,21.55,21.222357
,13169.92,1.1775,0.0,21.55,21.18528
,13169.92,1.1775,0.0,21.55,21.21337
,13169.92,1.179,0.0,21.55,21.211418
,13169.92,1.1778,0.0,21.76,21.218231
,12976.84,1.1696,0.0,21.54,21.360373
,12855.09,1.1719,0.0,21.65,21.12548
,12938.01,1.165,0.0,21.78,21.1629
,12863.46,1.165,0.0,21.78,21.267778
,12863.46,1.165,0.0,21.78,21.282717
,12863.46,1.1622,0.0,21.75,21.303041
,12666.51,1.1538,0.0,21.68,21.27736
,12783.76,1.1661,0.0,21.66,21.122875
,12604.89,1.169,0.0,21.81,21.218166
,12724.27,1.166,0.0,21.89,21.288492
,12770.75,1.166,0.0,21.89,21.40168
,12770.75,1.166,0.0,21.89,21.435324
,12770.75,1.1698,0.0,22.1,21.43896
,12787.13,1.1717,0.0,22.29,21.606518
,12830.07,1.1773,0.0,22.33,21.778856
,12811.05,1.1797,0.0,22.47,21.879059
,12766.55,1.1766,0.0,22.3,21.987366
,12842.91,1.1766,0.0,22.3,21.854362
,12842.91,1.1766,0.0,22.3,21.85412
,12842.91,1.1782,0.0,22.44,21.83652
,12842.3,1.1743,0.0,22.49,21.933222
,12890.58,1.1789,0.0,22.59,21.959108
,13107.1,1.1567,0.0,22.64,22.077179
,13010.55,1.1607,0.0,22.62,22.066912
,12838.9404,1.1607,0.0,22.62,22.065565
,12838.9404,1.1607,0.0,22.62,22.015469
,12838.9404,1.1622,0.0,22.58,22.02257
,12677.97,1.1588,0.0,22.46,22.009521
,12695.16,1.157,0.0,22.76,21.86406
,12511.91,1.1601,0.0,22.76,22.055677
,12579.72,1.1655,0.0,22.56,22.06092
,12270.33,1.1655,0.0,22.56,22.00618
,12270.33,1.1655,0.0,22.56,21.90284
,12270.33,1.1702,0.0,22.21,21.912258
,12234.34,1.1645,0.0,22.13,21.70147
,12348.61,1.1552,0.0,22.27,21.5645
,12177.23,1.1567,0.0,21.9,21.63203
,12306.0,1.1683,0.0,22.28,21.343822
,12238.17,1.1683,0.0,22.28,21.694881
,12238.17,1.1683,0.0,22.28,21.71688
,12238.17,1.1639,0.0,22.04,21.74169
,12349.14,1.1655,0.0,22.21,21.545134
,12317.61,1.1654,0.0,22.04,21.677912
,12464.29,1.1689,0.0,22.12,21.551275
,12496.17,1.1745,0.0,22.32,21.651466
,12555.0801,1.1745,0.0,22.32,21.824022
,12555.0801,1.1745,0.0,22.32,21.857685
,12555.0801,1.1749,0.0,22.58,21.851122
,12609.85,1.1742,0.0,22.62,22.020077
,12417.13,1.1672,0.0,22.55,22.08104
,12492.97,1.1671,0.0,22.7,21.951248
,12546.4297,1.1682,0.0,22.74,22.072557
,12561.02,1.1685,0.0,22.74,22.135433
,12561.02,1.1685,0.0,22.74,22.155033
,12561.02,1.1709,0.0,22.83,22.156511
,12661.54,1.1659,0.0,22.63,22.227484
,12765.94,1.1638,0.0,22.91,22.102856
,12686.29,1.1641,0.0,22.83,22.28176
,12561.42,1.1718,0.0,22.92,22.225355
,12547.9697,1.1718,0.0,22.92,22.294258
,12547.9697,1.1718,0.0,22.92,22.295996
,12547.9697,1.169,0.0,22.76,22.303106
,12689.39,1.1684,0.0,23.02,22.183744
,12579.33,1.1728,0.0,22.98,22.370544
,12809.23,1.1641,0.0,22.86,22.355547
,12860.4,1.1656,0.0,22.9,22.302202
,12798.2,1.1704,0.0,22.9,22.33151
,12798.2,1.1704,0.0,22.9,22.331402
,12798.2,1.1704,0.0,22.35,22.325455
,12805.5,1.1691,0.0,22.23,21.959389
,12737.05,1.1658,0.0,22.4,21.790447
,12546.33,1.1582,0.0,22.25,21.814484
,12615.76,1.1567,0.0,22.49,21.62335
,12598.21,1.1553,0.0,22.49,21.804697
,12598.21,1.1553,0.0,22.49,21.830196
,12598.21,1.1553,0.0,22.61,21.861217
,12648.19,1.1597,0.0,22.8,21.957985
,12633.54,1.161,0.0,22.83,22.150515
,12676.11,1.1526,0.0,22.91,22.205671
,12424.35,1.141,0.0,22.73,22.240448
,12358.74,1.1408,0.0,22.73,22.00213
,12358.74,1.1408,0.0,22.73,21.981712
,12358.74,1.1408,0.0,22.83,21.986813
,12358.87,1.1342,0.0,22.62,22.073616
,12163.01,1.1343,0.0,22.62,21.915625
,12237.17,1.1375,0.0,22.48,21.8617
,12210.55,1.1437,0.0,22.32,21.812626
,12331.3,1.1479,0.0,22.32,21.725052
,12331.3,1.1479,0.0,22.32,21.765755
,12331.3,1.1479,0.0,22.35,21.753641
,12384.49,1.1569,0.0,22.61,21.769703
,12385.7,1.1596,0.0,22.52,22.017286
,12365.58,1.1537,0.0,22.74,21.993525
,12394.52,1.1621,0.0,22.8,22.099972
,12538.31,1.1677,0.0,22.8,22.210938
,12538.31,1.1677,0.0,22.8,22.285418
,12538.31,1.1677,0.0,23.09,22.27222
,12527.42,1.1693,0.0,23.17,22.445591
,12561.68,1.1706,0.0,23.24,22.518005
,12494.24,1.1665,0.0,23.24,22.590517
,12364.06,1.1597,0.0,23.2,22.557186
,12364.06,1.1597,0.0,23.2,22.468233
,12364.06,1.1597,0.0,23.2,22.469654
,12364.06,1.1597,0.0,23.18,22.471966
,12210.21,1.1585,0.0,23.11,22.465836
,12040.46,1.1634,0.0,22.94,22.379377
,11955.25,1.1622,0.0,22.85,22.25255
,11959.63,1.1552,0.0,22.77,22.15208
,11986.34,1.1592,0.0,22.77,22.057213
,11986.34,1.1592,0.0,22.77,22.088503
,11986.34,1.1592,0.0,22.76,22.09695
,11970.27,1.1599,0.0,22.8,22.102365
,12032.3,1.1624,0.0,22.88,22.137594
,12055.55,1.1688,0.0,23.16,22.234484
,12124.33,1.1628,0.0,23.16,22.476671
,12096.41,1.1683,0.0,23.16,22.491299
,12096.41,1.1683,0.0,23.16,22.52688
,12096.41,1.1683,0.0,22.99,22.519785
,12157.67,1.1665,0.0,22.98,22.40175
,12219.02,1.1672,0.0,23.01,22.371403
,12326.48,1.1775,0.0,23.17,22.389505
,12430.88,1.1749,0.0,23.28,22.563679
,12350.82,1.1746,0.0,23.28,22.643505
,12350.82,1.1746,0.0,23.28,22.629103
,12350.82,1.1746,0.0,23.08,22.62415
,12374.66,1.1771,0.0,23.2,22.489489
,12385.89,1.1738,0.0,23.25,22.55403
,12435.59,1.1639,0.0,23.33,22.564323
,12246.73,1.1608,0.0,23.27,22.582577
,12339.03,1.1576,0.0,23.27,22.496159
,12339.03,1.1576,0.0,23.27,22.511183
,12339.03,1.1576,0.0,23.47,22.516922
,12287.58,1.1546,0.0,23.31,22.652182
,12244.14,1.1476,0.0,23.3,22.551748
,12244.14,1.1513,0.0,23.04,22.503826
,12111.9,1.1523,0.0,22.75,22.360098
,11947.16,1.149,0.0,22.75,22.11364
,11947.16,1.149,0.0,22.75,22.012022
,11947.16,1.149,0.0,22.56,22.01241
,11977.22,1.1489,0.0,22.44,21.893658
,11712.5,1.1518,0.0,21.89,21.808908
,11539.35,1.1593,0.0,21.55,21.337204
,11523.81,1.1562,0.0,21.67,21.00956
,11614.16,1.1577,0.0,21.67,21.04646
,11614.16,1.1577,0.0,21.67,21.123734
,11614.16,1.1577,0.0,21.44,21.151693
,11776.55,1.1573,0.0,21.73,20.992748
,11715.03,1.1499,0.0,22.02,21.23405
,11589.21,1.1452,0.0,21.87,21.422024
,11553.83,1.1513,0.0,21.78,21.300116
,11524.34,1.1463,0.0,21.78,21.259657
,11524.34,1.1463,0.0,21.78,21.218664
,11524.34,1.1463,0.0,21.42,21.227629
,11274.28,1.1469,0.0,21.07,20.962502
,11191.63,1.1391,0.0,21.28,20.5841
,11307.12,1.1374,0.0,20.78,20.64879
,11200.62,1.1401,0.0,20.58,20.340376
,11335.48,1.1371,0.0,20.58,20.125116
,11335.48,1.1371,0.0,20.58,20.126894
,11335.48,1.1371,0.0,20.71,20.123259
,11287.39,1.1344,0.0,20.02,20.21991
,11447.51,1.131,0.0,20.86,19.673424
,11468.54,1.1407,0.0,20.86,20.233425
,11518.99,1.1385,0.0,21.18,20.386196
,11494.96,1.1406,0.0,21.18,20.653679
,11494.96,1.1406,0.0,21.18,20.701488
,11494.96,1.1406,0.0,20.97,20.708096
,11484.34,1.1426,0.0,21.25,20.541075
,11579.1,1.1424,0.0,21.51,20.729084
,11527.32,1.1362,0.0,21.83,20.987663
,11529.16,1.1334,0.0,21.48,21.220005
,11325.44,1.1217,0.0,21.48,20.988808
,11325.44,1.1217,0.0,21.48,20.82361
,11325.44,1.1217,0.0,21.15,20.82493
,11472.22,1.1289,0.0,20.87,20.587519
,11412.53,1.1308,0.0,20.98,20.422104
,11353.67,1.1326,0.0,20.56,20.451683
,11341.0,1.1418,0.0,20.93,20.129435
,11244.54,1.1451,0.0,20.93,20.400093
,11244.54,1.1451,0.0,20.93,20.438648
,11244.54,1.1451,0.0,20.6,20.453709
,11066.41,1.137,0.0,19.62,20.197508
,11244.17,1.1383,0.0,20.09,19.288145
,11138.49,1.1407,0.0,20.06,19.527082
,11192.69,1.1340000000000001,0.0,20.05,19.515312
,11354.72,1.1326,0.0,20.05,19.488157
,11354.72,1.1326,0.0,20.05,19.512217
,11354.72,1.1326,0.0,20.29,19.499107
,11309.11,1.1288,0.0,20.37,19.672327
,11298.88,1.1366,0.0,20.73,19.741842
,11298.23,1.1391,0.0,21.21,20.078062
,11257.24,1.1315,0.0,21.26,20.542295
,11465.46,1.1352,0.0,21.26,20.638052
,11465.46,1.1352,0.0,21.26,20.75596
,11465.46,1.1352,0.0,21.74,20.760029
,11335.32,1.1344,0.0,21.7,21.126612
,11200.24,1.1344,0.0,20.97,21.123299
,10810.98,1.1374,0.0,20.56,20.540762
,10788.09,1.1376,0.0,21.04,20.026918
,10622.07,1.1355,0.0,21.04,20.3347
,10622.07,1.1355,0.0,21.04,20.368717
,10622.07,1.1355,0.0,20.37,20.403715
,10780.51,1.1314,0.0,20.84,19.893078
,10929.43,1.1368,0.0,20.96,20.162603
,10924.7,1.1361,0.0,20.81,20.37347
,10865.77,1.1307,0.0,20.51,20.28026
,10772.2,1.1346,0.0,20.51,19.976269
,10772.2,1.1346,0.0,20.51,19.904665
,10772.2,1.1346,0.0,19.88,19.891739
,10740.89,1.1361,0.0,19.87,19.397053
,10766.21,1.1375,0.0,20.0,19.259504
,10611.1,1.1444,0.0,19.42,19.328613
,10633.82,1.1367,0.0,19.07,18.876743
,10633.82,1.1361,0.0,19.07,18.485489
,10633.82,1.1361,0.0,19.07,18.385254
,10633.82,1.1361,0.0,19.07,18.355623
,10633.82,1.1351,0.0,19.07,18.34462
,10381.51,1.1351,0.0,19.07,18.337784
,10381.51,1.1429,0.0,18.94,18.271591
,10558.96,1.1439,0.0,19.47,18.191793
,10558.96,1.1462,0.0,19.47,18.59111
,10558.96,1.1462,0.0,19.47,18.698517
,10558.96,1.1462,0.0,19.54,18.728289
