,Date,KLP AksjeNorden Indeks {NOK},C WorldWide Norden {NOK},SEB Nordenfond {SEK},Allianz Europe Equity Growth R EUR {EUR},Allianz Europe Equity Value I EUR {EUR},iShares Europe Equity Index (LU) A2 EUR {EUR},BGF US Growth A2 {USD},BGF US Basic Value D2 {USD},iShares North America Eq Idx (LU) A2 USD {USD},BGF Asian Growth Leaders D2 {USD},BGF Asian Growth Leaders D2.1 {USD},JPM Asia Pacific Equity A (acc) USD {USD},NT All Cntry Asia exJpnCst ESG EqIdx C â‚¬ {EUR}
6608,2014-01-01,2615.89,6714.88,17.03,96.26,1123.15,123.79,13.11,73.26,130.04,12.91,17.78,15.89,10.54
6609,2014-01-02,2605.89,6731.4,17.05,96.26,1123.15,123.6,13.07,73.01,129.66,12.88,17.78,15.7,10.55
6610,2014-01-03,2611.86,6755.5,17.12,96.26,1123.15,124.07,13.12,72.95,129.52,12.78,17.78,15.65,10.42
6611,2014-01-04,2611.86,6755.5,17.12,96.26,1123.15,124.07,13.12,72.95,129.52,12.78,17.78,15.65,10.42
6612,2014-01-05,2611.86,6755.5,17.12,96.26,1123.15,124.07,13.12,72.95,129.52,12.78,17.78,15.65,10.42
6613,2014-01-06,2624.57,6804.58,17.12,96.26,1123.15,124.07,13.04,73.05,129.12,12.72,17.78,15.51,10.33
6614,2014-01-07,2633.22,6820.54,17.17,96.26,1123.15,124.52,13.14,73.18,129.46,12.73,17.78,15.5,10.34
6615,2014-01-08,2640.34,6817.14,17.25,96.26,1123.15,124.58,13.23,73.13,129.25,12.86,17.78,15.6,10.42
6616,2014-01-09,2643.56,6859.02,17.36,96.26,1123.15,125.05,13.26,73.5,129.69,12.81,17.78,15.51,10.36
6617,2014-01-10,2663.47,6870.13,17.37,96.26,1123.15,124.86,13.22,73.39,129.54,12.72,17.78,15.54,10.31
6618,2014-01-11,2663.47,6870.13,17.37,96.26,1123.15,124.86,13.22,73.39,129.54,12.72,17.78,15.54,10.31
6619,2014-01-12,2663.47,6870.13,17.37,96.26,1123.15,124.86,13.22,73.39,129.54,12.72,17.78,15.54,10.31
6620,2014-01-13,2653.98,6856.45,17.44,96.26,1123.15,125.03,13.27,73.43,129.65,12.82,17.78,15.65,10.41
6621,2014-01-14,2647.18,6813.21,17.24,96.26,1123.15,124.86,13.08,72.71,128.5,12.77,17.78,15.51,10.36
6622,2014-01-15,2679.95,6890.29,17.45,96.26,1123.15,126.44,13.33,73.47,129.86,12.81,17.78,15.55,10.45
6623,2014-01-16,2710.14,6959.81,17.47,96.26,1123.15,126.5,13.35,73.46,129.96,12.82,17.78,15.57,10.46
6624,2014-01-17,2712.05,6950.78,17.47,96.26,1123.15,126.89,13.35,73.22,129.77,12.9,17.78,15.57,10.49
6625,2014-01-18,2712.05,6950.78,17.47,96.26,1123.15,126.89,13.35,73.22,129.77,12.9,17.78,15.57,10.49
6626,2014-01-19,2712.05,6950.78,17.47,96.26,1123.15,126.89,13.35,73.22,129.77,12.9,17.78,15.57,10.49
6627,2014-01-20,2717.35,6961.62,17.45,96.26,1123.15,127.0,13.36,73.01,129.77,12.86,17.78,15.55,10.45
6628,2014-01-21,2715.33,6968.77,17.51,96.26,1123.15,127.63,13.44,73.39,130.24,12.8,17.78,15.59,10.49
6629,2014-01-22,2710.94,6963.3,17.44,96.26,1123.15,127.37,13.41,73.13,129.98,12.83,17.78,15.67,10.51
6630,2014-01-23,2682.39,6866.96,17.28,96.26,1123.15,126.22,13.27,72.6,129.03,12.71,17.78,15.44,10.31
6631,2014-01-24,2650.78,6814.59,17.08,96.26,1123.15,123.9,13.07,71.71,127.98,12.55,17.78,15.25,10.2
6632,2014-01-25,2650.78,6814.59,17.08,96.26,1123.15,123.9,13.07,71.71,127.98,12.55,17.78,15.25,10.2
6633,2014-01-26,2650.78,6814.59,17.08,96.26,1123.15,123.9,13.07,71.71,127.98,12.55,17.78,15.25,10.2
6634,2014-01-27,2635.55,6745.47,16.82,96.26,1123.15,122.49,12.86,70.77,126.48,12.28,17.78,15.02,9.99
6635,2014-01-28,2633.55,6746.79,16.81,96.26,1123.15,122.96,12.87,70.82,126.1,12.38,17.78,15.03,10.02
6636,2014-01-29,2614.94,6746.79,16.66,96.26,1123.15,121.43,12.78,70.49,125.5,12.52,17.78,15.17,10.13
6637,2014-01-30,2631.43,6755.11,16.82,96.26,1123.15,122.25,12.81,70.77,125.89,12.44,17.78,15.1,10.16
6638,2014-01-31,2638.92,6739.54,16.73,96.26,1123.15,121.17,12.76,70.31,125.15,12.43,17.78,15.1,10.16
6639,2014-02-01,2638.92,6739.54,16.73,96.26,1123.15,121.17,12.76,70.31,125.15,12.43,17.78,15.1,10.16
6640,2014-02-02,2638.92,6739.54,16.73,96.26,1123.15,121.17,12.76,70.31,125.15,12.43,17.78,15.1,10.16
6641,2014-02-03,2616.27,6733.18,16.82,96.26,1123.15,121.37,12.77,70.42,125.42,12.36,17.78,15.1,10.16
6642,2014-02-04,2612.61,6710.31,16.64,96.26,1123.15,120.58,12.56,69.14,123.62,12.22,17.78,14.78,9.97
6643,2014-02-05,2615.82,6727.71,16.81,96.26,1123.15,120.69,12.48,68.87,123.21,12.16,17.78,14.72,9.92
6644,2014-02-06,2646.06,6809.94,17.04,96.26,1123.15,121.71,12.75,69.58,124.55,12.36,17.78,14.91,9.96
6645,2014-02-07,2668.02,6847.56,17.19,96.26,1123.15,123.06,12.89,70.49,125.99,12.51,17.78,15.03,10.05
6646,2014-02-08,2668.02,6847.56,17.19,96.26,1123.15,123.06,12.89,70.49,125.99,12.51,17.78,15.03,10.05
6647,2014-02-09,2668.02,6847.56,17.19,96.26,1123.15,123.06,12.89,70.49,125.99,12.51,17.78,15.03,10.05
6648,2014-02-10,2663.43,6856.22,17.29,96.26,1123.15,123.16,13.08,70.87,126.84,12.55,17.78,15.11,10.02
6649,2014-02-11,2688.1,6911.14,17.3,96.26,1123.15,124.13,13.12,71.14,127.39,12.58,17.78,15.31,10.1
6650,2014-02-12,2677.2,6922.87,17.34,96.26,1123.15,126.01,13.25,72.09,128.94,12.7,17.78,15.5,10.28
6651,2014-02-13,2671.38,6844.95,17.25,96.26,1123.15,124.71,13.18,71.54,128.13,12.63,17.78,15.36,10.15
6652,2014-02-14,2682.99,6927.82,17.43,96.26,1123.15,126.02,13.26,72.38,129.3,12.69,17.78,15.5,10.22
6653,2014-02-15,2682.99,6927.82,17.43,96.26,1123.15,126.02,13.26,72.38,129.3,12.69,17.78,15.5,10.22
6654,2014-02-16,2682.99,6927.82,17.43,96.26,1123.15,126.02,13.26,72.38,129.3,12.69,17.78,15.5,10.22
6655,2014-02-17,2690.42,6927.19,17.46,96.26,1123.15,126.71,13.29,72.67,129.3,12.79,17.78,15.59,10.29
6656,2014-02-18,2666.26,6842.76,17.45,96.26,1123.15,126.34,13.36,72.7,129.91,12.81,17.78,15.61,10.24
6657,2014-02-19,2672.07,6864.88,17.53,96.26,1123.15,126.61,13.42,73.05,130.15,12.86,17.78,15.62,10.26
6658,2014-02-20,2684.11,6903.88,17.57,96.26,1123.15,126.07,13.28,72.42,129.23,12.72,17.78,15.47,10.19
6659,2014-02-21,2694.35,6930.63,17.78,96.26,1123.15,127.13,13.43,72.99,130.31,12.85,17.78,15.59,10.25
6660,2014-02-22,2694.35,6930.63,17.78,96.26,1123.15,127.13,13.43,72.99,130.31,12.85,17.78,15.59,10.25
6661,2014-02-23,2694.35,6930.63,17.78,96.26,1123.15,127.13,13.43,72.99,130.31,12.85,17.78,15.59,10.25
6662,2014-02-24,2703.56,6919.31,17.87,96.26,1123.15,127.5,13.48,73.51,130.87,12.8,17.78,15.51,10.2
6663,2014-02-25,2721.98,6966.9,17.97,96.26,1123.15,127.44,13.44,72.96,130.27,12.85,17.78,15.53,10.22
6664,2014-02-26,2716.05,6959.98,17.97,96.26,1123.15,127.49,13.5,72.84,130.39,12.96,17.78,15.6,10.32
6665,2014-02-27,2706.03,6931.14,17.98,96.26,1123.15,127.27,13.5,72.82,130.39,13.1,17.78,15.68,10.38
6666,2014-02-28,2718.19,6962.31,17.99,96.26,1123.15,127.81,13.61,73.57,131.56,13.15,17.78,15.72,10.32
6667,2014-03-01,2718.19,6962.31,17.99,96.26,1123.15,127.81,13.61,73.57,131.56,13.15,17.78,15.72,10.32
6668,2014-03-02,2718.19,6962.31,17.99,96.26,1123.15,127.81,13.61,73.57,131.56,13.15,17.78,15.72,10.32
6669,2014-03-03,2660.77,6871.27,17.71,96.26,1123.15,125.52,13.38,73.16,130.73,13.07,17.78,15.56,10.25
6670,2014-03-04,2703.53,6937.78,17.97,96.26,1123.15,127.28,13.57,73.86,132.08,13.16,17.78,15.6,10.28
6671,2014-03-05,2700.63,6940.59,18.03,96.26,1123.15,127.59,13.61,74.1,132.26,13.15,17.78,15.7,10.32
6672,2014-03-06,2723.34,7016.89,18.14,96.26,1123.15,127.75,13.71,74.84,132.98,13.28,17.78,15.87,10.34
6673,2014-03-07,2710.14,6972.64,18.04,96.26,1123.15,126.65,13.64,74.89,132.61,13.28,17.78,15.79,10.34
6674,2014-03-08,2710.14,6972.64,18.04,96.26,1123.15,126.65,13.64,74.89,132.61,13.28,17.78,15.79,10.34
6675,2014-03-09,2710.14,6972.64,18.04,96.26,1123.15,126.65,13.64,74.89,132.61,13.28,17.78,15.79,10.34
6676,2014-03-10,2695.25,6904.21,17.86,96.26,1123.15,125.01,13.48,74.36,131.9,13.15,17.78,15.63,10.2
6677,2014-03-11,2691.72,6915.57,17.95,96.26,1123.15,126.14,13.58,74.8,132.86,13.23,17.78,15.65,10.24
6678,2014-03-12,2664.58,6816.51,17.76,96.26,1123.15,124.36,13.42,73.96,131.71,13.09,17.78,15.49,10.08
6679,2014-03-13,2646.88,6767.17,17.69,96.26,1123.15,123.58,13.42,73.83,131.75,13.02,17.78,15.5,10.06
6680,2014-03-14,2625.81,6696.07,17.42,96.26,1123.15,121.67,13.18,73.13,130.43,12.94,17.78,15.36,9.99
6681,2014-03-15,2625.81,6696.07,17.42,96.26,1123.15,121.67,13.18,73.13,130.43,12.94,17.78,15.36,9.99
6682,2014-03-16,2625.81,6696.07,17.42,96.26,1123.15,121.67,13.18,73.13,130.43,12.94,17.78,15.36,9.99
6683,2014-03-17,2654.46,6778.38,17.62,96.26,1123.15,123.13,13.32,73.56,131.18,12.88,17.78,15.39,9.99
6684,2014-03-18,2682.58,6896.97,17.76,96.26,1123.15,124.33,13.42,74.08,132.0,12.93,17.78,15.43,10.06
6685,2014-03-19,2676.87,6889.59,17.78,96.26,1123.15,124.11,13.44,74.37,132.24,12.93,17.78,15.43,10.04
6686,2014-03-20,2675.28,6889.9,17.72,96.26,1123.15,123.48,13.32,74.27,131.66,12.7,17.78,15.15,9.96
6687,2014-03-21,2672.07,6877.4,17.82,96.26,1123.15,124.36,13.39,75.0,132.74,12.7,17.78,15.3,10.03
6688,2014-03-22,2672.07,6877.4,17.82,96.26,1123.15,124.36,13.39,75.0,132.74,12.7,17.78,15.3,10.03
6689,2014-03-23,2672.07,6877.4,17.82,96.26,1123.15,124.36,13.39,75.0,132.74,12.7,17.78,15.3,10.03
6690,2014-03-24,2641.49,6796.92,17.73,96.26,1123.15,122.94,12.97,74.17,130.98,12.85,17.78,15.44,10.15
6691,2014-03-25,2668.99,6825.01,17.8,96.26,1123.15,124.31,12.94,74.38,131.33,12.67,17.78,15.41,10.14
6692,2014-03-26,2678.96,6883.06,18.03,96.26,1123.15,125.62,12.96,74.68,131.83,12.81,17.78,15.61,10.23
6693,2014-03-27,2652.67,6797.67,18.0,96.26,1123.15,125.98,12.75,74.07,130.86,12.72,17.78,15.6,10.3
6694,2014-03-28,2666.53,6842.62,18.2,96.26,1123.15,126.63,12.86,74.8,131.83,12.77,17.78,15.73,10.39
6695,2014-03-29,2666.53,6842.62,18.2,96.26,1123.15,126.63,12.86,74.8,131.83,12.77,17.78,15.73,10.39
6696,2014-03-30,2666.53,6842.62,18.2,96.26,1123.15,126.63,12.86,74.8,131.83,12.77,17.78,15.73,10.39
6697,2014-03-31,2693.97,6919.68,18.37,96.26,1123.15,127.2,12.9,75.11,132.3,12.84,17.78,15.81,10.44
6698,2014-04-01,2713.2,6982.3,18.58,96.26,1123.15,127.72,12.95,75.61,132.95,13.02,17.78,15.99,10.53
6699,2014-04-02,2713.99,6979.54,18.58,96.26,1123.15,127.75,13.1,75.77,133.19,13.16,17.78,16.09,10.59
6700,2014-04-03,2705.41,6994.11,18.68,96.26,1123.15,128.33,13.15,76.22,133.75,13.12,17.78,16.06,10.63
6701,2014-04-04,2708.5,6991.42,18.72,96.26,1123.15,128.43,12.95,76.31,133.65,13.08,17.78,16.07,10.63
6702,2014-04-05,2708.5,6991.42,18.72,96.26,1123.15,128.43,12.95,76.31,133.65,13.08,17.78,16.07,10.63
6703,2014-04-06,2708.5,6991.42,18.72,96.26,1123.15,128.43,12.95,76.31,133.65,13.08,17.78,16.07,10.63
6704,2014-04-07,2684.93,6924.26,18.53,96.26,1123.15,127.44,12.61,75.0,131.55,12.96,17.78,16.03,10.63
6705,2014-04-08,2679.61,6884.57,18.34,96.26,1123.15,126.37,12.43,74.04,130.4,12.96,17.78,16.08,10.62
6706,2014-04-09,2689.23,6931.01,18.58,96.26,1123.15,127.4,12.58,74.36,131.22,13.06,17.78,16.21,10.69
6707,2014-04-10,2657.01,6911.15,18.69,96.26,1123.15,127.27,12.69,74.94,132.16,13.21,17.78,16.31,10.72
6708,2014-04-11,2626.7,6751.31,18.27,96.26,1123.15,124.61,12.29,73.2,129.37,13.11,17.78,16.18,10.66
6709,2014-04-12,2626.7,6751.31,18.27,96.26,1123.15,124.61,12.29,73.2,129.37,13.11,17.78,16.18,10.66
6710,2014-04-13,2626.7,6751.31,18.27,96.26,1123.15,124.61,12.29,73.2,129.37,13.11,17.78,16.18,10.66
6711,2014-04-14,2630.33,6754.32,18.24,96.26,1123.15,124.99,12.22,72.88,129.02,13.11,17.78,16.11,10.7
6712,2014-04-15,2598.31,6745.15,18.31,96.26,1123.15,125.76,12.34,73.69,130.24,13.0,17.78,16.03,10.63
6713,2014-04-16,2634.03,6774.98,18.39,96.26,1123.15,125.63,12.47,73.82,130.89,13.01,17.78,16.07,10.64
6714,2014-04-17,2634.03,6774.98,18.45,96.26,1123.15,126.31,12.56,74.22,131.4,13.07,17.78,16.16,10.65
6715,2014-04-18,2634.03,6774.98,18.45,96.26,1123.15,126.31,12.56,74.22,131.4,13.07,17.78,16.16,10.65
6716,2014-04-19,2634.03,6774.98,18.45,96.26,1123.15,126.31,12.56,74.22,131.4,13.07,17.78,16.16,10.65
6717,2014-04-20,2634.03,6774.98,18.45,96.26,1123.15,126.31,12.56,74.22,131.4,13.07,17.78,16.16,10.65
6718,2014-04-21,2634.03,6774.98,18.45,96.26,1123.15,126.31,12.56,74.22,131.4,13.07,17.78,16.16,10.65
6719,2014-04-22,2695.8,6954.52,18.81,96.26,1123.15,128.33,12.75,74.97,132.71,13.2,17.78,16.21,10.69
6720,2014-04-23,2685.28,6935.58,18.76,96.26,1123.15,127.8,12.73,75.07,132.61,13.17,17.78,16.15,10.62
6721,2014-04-24,2700.87,6905.59,18.71,96.26,1123.15,127.38,12.59,75.0,132.49,13.18,17.78,16.18,10.64
6722,2014-04-25,2689.3,6899.34,18.78,96.26,1123.15,127.32,12.51,74.57,132.06,13.07,17.78,16.07,10.5
6723,2014-04-26,2689.3,6899.34,18.78,96.26,1123.15,127.32,12.51,74.57,132.06,13.07,17.78,16.07,10.5
6724,2014-04-27,2689.3,6899.34,18.78,96.26,1123.15,127.32,12.51,74.57,132.06,13.07,17.78,16.07,10.5
6725,2014-04-28,2698.09,6907.37,18.76,96.26,1123.15,127.6,12.4,74.87,132.13,13.02,17.78,16.03,10.47
6726,2014-04-29,2721.02,6945.61,18.94,96.26,1123.15,128.95,12.4,75.28,132.66,13.08,17.78,16.02,10.55
6727,2014-04-30,2721.17,6966.88,19.02,96.26,1123.15,128.86,12.42,75.25,132.46,12.95,17.78,15.89,10.45
6728,2014-05-01,2721.17,6966.88,19.02,96.26,1123.15,128.86,12.42,75.25,132.46,12.95,17.78,15.89,10.45
6729,2014-05-02,2716.4,6950.22,19.02,96.26,1123.15,129.41,12.65,76.13,133.39,13.04,17.78,15.95,10.51
6730,2014-05-03,2716.4,6950.22,19.02,96.26,1123.15,129.41,12.65,76.13,133.39,13.04,17.78,15.95,10.51
6731,2014-05-04,2716.4,6950.22,19.02,96.26,1123.15,129.41,12.65,76.13,133.39,13.04,17.78,15.95,10.51
6732,2014-05-05,2710.7,6926.78,18.97,96.26,1123.15,129.41,12.58,75.32,132.62,13.02,17.78,15.94,10.51
6733,2014-05-06,2701.41,6920.89,18.99,96.26,1123.15,128.41,12.66,75.49,132.92,13.04,17.78,15.94,10.51
6734,2014-05-07,2689.16,6890.26,18.96,96.26,1123.15,128.79,12.43,75.18,132.33,12.95,17.78,15.87,10.37
6735,2014-05-08,2700.33,6893.71,19.09,96.26,1123.15,130.09,12.54,75.81,133.39,12.86,17.78,15.88,10.44
6736,2014-05-09,2696.16,6890.1,19.09,96.26,1123.15,129.48,12.43,75.1,132.33,12.91,17.78,15.89,10.55
6737,2014-05-10,2696.16,6890.1,19.09,96.26,1123.15,129.48,12.43,75.1,132.33,12.91,17.78,15.89,10.55
6738,2014-05-11,2696.16,6890.1,19.09,96.26,1123.15,129.48,12.43,75.1,132.33,12.91,17.78,15.89,10.55
6739,2014-05-12,2726.29,6972.13,19.29,96.26,1123.15,130.72,12.63,76.03,133.84,13.0,17.78,15.97,10.63
6740,2014-05-13,2737.81,6972.13,19.29,96.26,1123.15,130.85,12.66,76.19,134.31,13.1,17.78,16.1,10.74
6741,2014-05-14,2737.31,7031.89,19.33,96.26,1123.15,131.11,12.63,76.02,134.1,13.24,17.78,16.25,10.85
6742,2014-05-15,2743.12,7021.51,19.26,96.26,1123.15,130.5,12.43,75.34,132.85,13.22,17.78,16.26,10.88
6743,2014-05-16,2732.03,7019.54,19.24,96.26,1123.15,130.46,12.43,75.13,132.5,13.23,17.78,16.27,10.91
6744,2014-05-17,2732.03,7019.54,19.24,96.26,1123.15,130.46,12.43,75.13,132.5,13.23,17.78,16.27,10.91
6745,2014-05-18,2732.03,7019.54,19.24,96.26,1123.15,130.46,12.43,75.13,132.5,13.23,17.78,16.27,10.91
6746,2014-05-19,2726.32,6990.31,19.24,96.26,1123.15,130.38,12.52,75.43,133.02,13.22,17.78,16.28,10.93
6747,2014-05-20,2738.92,7022.4,19.28,96.26,1123.15,130.11,12.55,75.23,132.9,13.2,17.78,16.14,10.93
6748,2014-05-21,2757.77,7052.5,19.36,96.26,1123.15,130.91,12.62,75.52,133.32,13.21,17.78,16.11,10.96
6749,2014-05-22,2762.64,7080.38,19.49,96.26,1123.15,131.2,12.74,75.71,133.97,13.38,17.78,16.31,11.05
6750,2014-05-23,2756.85,7038.16,19.56,96.26,1123.15,131.28,12.77,75.7,134.24,13.41,17.78,16.39,11.09
6751,2014-05-24,2756.85,7038.16,19.56,96.26,1123.15,131.28,12.77,75.7,134.24,13.41,17.78,16.39,11.09
6752,2014-05-25,2756.85,7038.16,19.56,96.26,1123.15,131.28,12.77,75.7,134.24,13.41,17.78,16.39,11.09
6753,2014-05-26,2771.83,7086.99,19.65,96.26,1123.15,131.28,12.84,75.92,134.24,13.39,17.78,16.4,11.09
6754,2014-05-27,2773.42,7087.23,19.71,96.26,1123.15,132.58,12.91,76.29,135.11,13.38,17.78,16.42,11.06
6755,2014-05-28,2765.23,7055.77,19.71,96.26,1123.15,132.27,12.93,76.31,135.19,13.48,17.78,16.53,11.15
6756,2014-05-29,2765.23,7055.77,19.71,96.26,1123.15,132.27,12.93,76.31,135.19,13.48,17.78,16.51,11.11
6757,2014-05-30,2772.22,7102.03,19.8,96.26,1123.15,132.39,12.98,76.62,135.69,13.35,17.78,16.45,11.05
6758,2014-05-31,2772.22,7102.03,19.8,96.26,1123.15,132.39,12.98,76.62,135.69,13.35,17.78,16.45,11.05
6759,2014-06-01,2772.22,7102.03,19.8,96.26,1123.15,132.39,12.98,76.62,135.69,13.35,17.78,16.45,11.05
6760,2014-06-02,2783.8,7118.72,19.89,96.26,1123.15,132.58,12.98,76.82,135.83,13.36,17.78,16.45,11.05
6761,2014-06-03,2780.98,7113.73,19.82,96.26,1123.15,132.19,12.99,76.82,136.0,13.47,17.78,16.55,11.18
6762,2014-06-04,2788.25,7117.4,19.78,96.26,1123.15,132.05,12.95,77.11,136.02,13.46,17.78,16.51,11.13
6763,2014-06-05,2784.25,7129.96,19.9,96.26,1123.15,132.92,13.0,77.25,136.4,13.48,17.78,16.57,11.16
6764,2014-06-06,2788.89,7137.03,19.9,96.26,1123.15,133.63,13.11,78.2,137.66,13.48,17.78,16.6,11.14
6765,2014-06-07,2788.89,7137.03,19.9,96.26,1123.15,133.63,13.11,78.2,137.66,13.48,17.78,16.6,11.14
6766,2014-06-08,2788.89,7137.03,19.9,96.26,1123.15,133.63,13.11,78.2,137.66,13.48,17.78,16.6,11.14
6767,2014-06-09,2788.89,7137.03,20.15,96.26,1123.15,133.63,13.11,78.2,137.66,13.48,17.78,16.69,11.22
6768,2014-06-10,2797.64,7139.73,20.14,96.26,1123.15,134.24,13.09,78.22,137.78,13.69,17.78,16.73,11.35
6769,2014-06-11,2794.26,7148.8,20.06,96.26,1123.15,133.92,13.08,78.11,137.6,13.64,17.78,16.73,11.35
6770,2014-06-12,2800.59,7160.07,20.11,96.26,1123.15,134.01,13.1,77.93,137.4,13.62,17.78,16.7,11.31
6771,2014-06-13,2798.41,7157.52,19.95,96.26,1123.15,133.5,12.95,77.69,136.81,13.63,17.78,16.65,11.3
6772,2014-06-14,2798.41,7157.52,19.95,96.26,1123.15,133.5,12.95,77.69,136.81,13.63,17.78,16.65,11.3
6773,2014-06-15,2798.41,7157.52,19.95,96.26,1123.15,133.5,12.95,77.69,136.81,13.63,17.78,16.65,11.3
6774,2014-06-16,2789.68,7134.22,19.84,96.26,1123.15,133.31,12.97,77.8,137.34,13.64,17.78,16.58,11.25
6775,2014-06-17,2786.34,7144.85,19.79,96.26,1123.15,133.38,12.97,77.95,137.41,13.63,17.78,16.56,11.27
6776,2014-06-18,2801.52,7220.42,19.91,96.26,1123.15,133.64,12.96,78.23,137.85,13.59,17.78,16.51,11.21
6777,2014-06-19,2858.22,7344.43,19.96,96.26,1123.15,134.48,13.04,78.96,138.74,13.62,17.78,16.66,11.19
6778,2014-06-20,2844.71,7325.0,19.96,96.26,1123.15,134.47,13.03,79.18,139.11,13.56,17.78,16.55,11.18
6779,2014-06-21,2844.71,7325.0,19.96,96.26,1123.15,134.47,13.03,79.18,139.11,13.56,17.78,16.55,11.18
6780,2014-06-22,2844.71,7325.0,19.96,96.26,1123.15,134.47,13.03,79.18,139.11,13.56,17.78,16.55,11.18
6781,2014-06-23,2855.86,7324.4,20.0,96.26,1123.15,134.47,13.03,79.18,139.11,13.56,17.78,16.52,11.12
6782,2014-06-24,2844.57,7297.99,20.0,96.26,1123.15,133.22,13.05,78.99,139.09,13.5,17.78,16.56,11.18
6783,2014-06-25,2821.54,7253.63,19.78,96.26,1123.15,131.97,13.0,78.36,138.46,13.48,17.78,16.52,11.12
6784,2014-06-26,2814.59,7224.61,19.79,96.26,1123.15,131.45,13.09,77.96,138.13,13.61,17.78,16.7,11.27
6785,2014-06-27,2823.55,7248.56,19.85,96.26,1123.15,131.82,13.15,78.32,138.75,13.6,17.78,16.69,11.23
6786,2014-06-28,2823.55,7248.56,19.85,96.26,1123.15,131.82,13.15,78.32,138.75,13.6,17.78,16.69,11.23
6787,2014-06-29,2823.55,7248.56,19.85,96.26,1123.15,131.82,13.15,78.32,138.75,13.6,17.78,16.69,11.23
6788,2014-06-30,2836.69,7289.91,19.88,96.26,1123.15,131.99,13.22,78.54,139.25,13.68,17.78,16.83,11.26
6789,2014-07-01,2860.73,7314.46,19.92,96.26,1123.15,132.65,13.3,78.92,139.78,13.7,17.78,16.81,11.27
6790,2014-07-02,2868.05,7314.46,20.0,96.26,1123.15,133.19,13.38,79.07,140.17,13.92,17.78,17.02,11.45
6791,2014-07-03,2886.3,7400.77,20.4,96.26,1123.15,134.33,13.4,79.38,140.58,13.99,17.78,17.08,11.5
6792,2014-07-04,2863.69,7368.18,20.41,96.26,1123.15,134.46,13.44,79.6,140.58,14.04,17.78,17.15,11.53
6793,2014-07-05,2863.69,7368.18,20.41,96.26,1123.15,134.46,13.44,79.6,140.58,14.04,17.78,17.15,11.53
6794,2014-07-06,2863.69,7368.18,20.41,96.26,1123.15,134.46,13.44,79.6,140.58,14.04,17.78,17.15,11.53
6795,2014-07-07,2845.12,7303.51,20.32,96.26,1123.15,133.27,13.4,79.14,140.48,14.08,17.78,17.18,11.55
6796,2014-07-08,2817.67,7224.59,20.07,96.26,1123.15,131.7,13.2,78.62,139.7,14.02,17.78,17.15,11.53
6797,2014-07-09,2813.55,7194.43,19.92,96.26,1123.15,131.04,13.12,78.55,139.56,13.84,13.85,16.98,11.42
6798,2014-07-10,2778.33,7086.69,19.52,96.26,1123.15,129.66,13.04,77.97,138.83,13.93,13.91,17.03,11.49
6799,2014-07-11,2786.33,7113.4,19.6,96.26,1123.15,129.75,13.15,78.16,139.26,13.88,13.85,16.99,11.43
6800,2014-07-12,2786.33,7113.4,19.6,96.26,1123.15,129.75,13.15,78.16,139.26,13.88,13.85,16.99,11.43
6801,2014-07-13,2786.33,7113.4,19.6,96.26,1123.15,129.75,13.15,78.16,139.26,13.88,13.85,16.99,11.43
6802,2014-07-14,2823.5,7211.6,19.87,96.26,1123.15,131.16,13.26,78.87,140.29,13.88,13.88,17.02,11.43
6803,2014-07-15,2814.27,7206.99,19.83,96.26,1123.15,131.09,13.29,79.07,140.36,13.9,13.87,17.15,11.53
6804,2014-07-16,2841.53,7265.44,20.04,96.26,1123.15,132.45,13.2,79.34,140.46,13.94,13.94,17.12,11.56
6805,2014-07-17,2822.28,7251.57,19.96,96.26,1123.15,132.02,13.15,79.5,140.48,13.88,13.86,17.07,11.58
6806,2014-07-18,2813.88,7198.35,19.76,96.26,1123.15,130.99,13.08,78.87,139.56,13.86,13.86,17.04,11.57
6807,2014-07-19,2813.88,7198.35,19.76,96.26,1123.15,130.99,13.08,78.87,139.56,13.86,13.86,17.04,11.57
6808,2014-07-20,2813.88,7198.35,19.76,96.26,1123.15,130.99,13.08,78.87,139.56,13.86,13.86,17.04,11.57
6809,2014-07-21,2810.7,7215.98,19.75,96.26,1123.15,130.51,13.16,79.01,140.06,13.87,13.87,17.07,11.57
6810,2014-07-22,2835.62,7248.88,19.89,96.26,1123.15,132.02,13.23,79.4,140.69,14.06,14.06,17.23,11.73
6811,2014-07-23,2838.63,7254.81,19.92,96.26,1123.15,132.35,13.29,79.29,140.86,14.16,14.16,17.31,11.8
6812,2014-07-24,2857.11,7338.74,19.98,96.26,1123.15,132.57,13.3,79.52,141.12,14.14,14.12,17.32,11.83
6813,2014-07-25,2855.58,7360.82,19.94,96.26,1123.15,132.59,13.32,79.51,140.77,14.07,14.04,17.27,11.85
6814,2014-07-26,2855.58,7360.82,19.94,96.26,1123.15,132.59,13.32,79.51,140.77,14.07,14.04,17.27,11.85
6815,2014-07-27,2855.58,7360.82,19.94,96.26,1123.15,132.59,13.32,79.51,140.77,14.07,14.04,17.27,11.85
6816,2014-07-28,2842.62,7325.98,19.87,96.26,1123.15,131.52,13.27,79.16,140.13,14.11,14.11,17.26,11.88
6817,2014-07-29,2849.15,7351.95,19.92,96.26,1123.15,132.47,13.32,79.31,140.79,14.09,14.08,17.29,11.96
6818,2014-07-30,2839.55,7331.69,19.95,96.26,1123.15,131.84,13.32,79.01,140.15,14.11,14.1,17.34,12.04
6819,2014-07-31,2819.69,7261.94,19.71,96.26,1123.15,129.95,13.17,78.44,138.78,14.03,14.03,17.19,11.96
6820,2014-08-01,2783.59,7215.12,19.49,96.26,1123.15,128.89,13.1,77.69,137.54,13.95,13.94,17.04,11.78
6821,2014-08-02,2783.59,7215.12,19.49,96.26,1123.15,128.89,13.1,77.69,137.54,13.95,13.94,17.04,11.78
6822,2014-08-03,2783.59,7215.12,19.49,96.26,1123.15,128.89,13.1,77.69,137.54,13.95,13.94,17.04,11.78
6823,2014-08-04,2780.49,7213.6,19.55,96.26,1123.15,128.27,13.07,77.28,137.1,14.12,14.11,17.16,11.78
6824,2014-08-05,2792.55,7213.34,19.51,96.26,1123.15,128.25,13.04,77.25,136.99,14.08,14.09,17.09,11.89
6825,2014-08-06,2748.66,7122.38,19.25,96.26,1123.15,126.91,12.98,76.73,136.33,14.03,14.02,17.02,11.85
6826,2014-08-07,2716.76,7087.41,19.16,96.26,1123.15,127.34,13.06,76.86,136.91,13.9,13.9,16.91,11.79
6827,2014-08-08,2692.65,6982.52,18.98,96.26,1123.15,125.55,12.96,76.24,135.92,13.86,13.86,16.8,11.66
6828,2014-08-09,2692.65,6982.52,18.98,96.26,1123.15,125.55,12.96,76.24,135.92,13.86,13.86,16.8,11.66
6829,2014-08-10,2692.65,6982.52,18.98,96.26,1123.15,125.55,12.96,76.24,135.92,13.86,13.86,16.8,11.66
6830,2014-08-11,2727.94,7077.96,19.23,96.26,1123.15,127.31,13.13,77.33,137.84,14.05,14.05,16.96,11.82
6831,2014-08-12,2709.84,7076.27,19.25,96.26,1123.15,127.18,13.12,77.32,137.75,14.18,14.18,17.08,11.89
6832,2014-08-13,2721.52,7084.26,19.3,96.26,1123.15,127.3,13.13,77.29,137.78,14.21,14.17,17.14,11.96
6833,2014-08-14,2715.55,7085.27,19.29,96.26,1123.15,127.98,13.24,77.74,138.59,14.23,14.23,17.18,11.98
6834,2014-08-15,2715.67,7085.08,19.48,96.26,1123.15,127.98,13.24,77.74,138.59,14.23,14.23,17.2,11.98
6835,2014-08-16,2715.67,7085.08,19.48,96.26,1123.15,127.98,13.24,77.74,138.59,14.23,14.23,17.2,11.98
6836,2014-08-17,2715.67,7085.08,19.48,96.26,1123.15,127.98,13.24,77.74,138.59,14.23,14.23,17.2,11.98
6837,2014-08-18,2743.31,7120.84,19.51,96.26,1123.15,128.96,13.41,78.32,139.87,14.22,14.22,17.2,12.0
6838,2014-08-19,2760.26,7161.54,19.64,96.26,1123.15,129.67,13.46,78.73,140.49,14.29,14.28,17.29,12.13
6839,2014-08-20,2760.66,7156.65,19.69,96.26,1123.15,129.35,13.47,78.8,140.67,14.31,14.3,17.39,12.18
6840,2014-08-21,2767.83,7162.57,19.86,96.26,1123.15,130.36,13.5,79.19,141.41,14.22,14.22,17.32,12.09
6841,2014-08-22,2756.04,7133.13,19.82,96.26,1123.15,130.23,13.47,79.28,141.35,14.28,14.25,17.45,12.23
6842,2014-08-23,2756.04,7133.13,19.82,96.26,1123.15,130.23,13.47,79.28,141.35,14.28,14.25,17.45,12.23
6843,2014-08-24,2756.04,7133.13,19.82,96.26,1123.15,130.23,13.47,79.28,141.35,14.28,14.25,17.45,12.23
6844,2014-08-25,2777.57,7183.0,19.99,96.26,1123.15,130.23,13.59,79.68,141.99,14.39,14.38,17.41,12.23
6845,2014-08-26,2784.91,7183.09,20.06,96.26,1123.15,132.4,13.57,79.84,142.21,14.38,14.37,17.42,12.23
6846,2014-08-27,2791.43,7188.5,20.11,96.26,1123.15,132.7,13.54,79.81,142.03,14.4,14.39,17.48,12.27
6847,2014-08-28,2758.21,7137.41,20.03,96.26,1123.15,131.99,13.5,79.64,141.82,14.36,14.34,17.4,12.25
6848,2014-08-29,2761.06,7138.72,19.98,96.26,1123.15,131.81,13.5,79.93,142.05,14.4,14.42,17.39,12.23
6849,2014-08-30,2761.06,7138.72,19.98,96.26,1123.15,131.81,13.5,79.93,142.05,14.4,14.42,17.39,12.23
6850,2014-08-31,2761.06,7138.72,19.98,96.26,1123.15,131.81,13.5,79.93,142.05,14.4,14.42,17.39,12.23
6851,2014-09-01,2759.63,7129.72,20.0,96.26,1123.15,132.46,13.58,80.15,142.05,14.55,14.54,17.46,12.3
6852,2014-09-02,2761.54,7138.54,20.05,96.26,1123.15,132.46,13.63,80.08,142.36,14.42,14.41,17.38,12.25
6853,2014-09-03,2795.46,7248.94,20.19,96.26,1123.15,133.7,13.65,80.42,142.72,14.63,14.61,17.59,12.38
6854,2014-09-04,2791.22,7223.97,20.18,96.26,1123.15,134.8,13.63,80.45,142.84,14.68,14.64,17.59,12.55
6855,2014-09-05,2776.88,7195.52,20.04,96.26,1123.15,134.36,13.52,79.91,142.04,14.64,14.62,17.54,12.51
6856,2014-09-06,2776.88,7195.52,20.04,96.26,1123.15,134.36,13.52,79.91,142.04,14.64,14.62,17.54,12.51
6857,2014-09-07,2776.88,7195.52,20.04,96.26,1123.15,134.36,13.52,79.91,142.04,14.64,14.62,17.54,12.51
6858,2014-09-08,2796.47,7234.26,20.08,96.26,1123.15,133.82,13.6,80.15,142.54,14.7,14.71,17.47,12.51
6859,2014-09-09,2792.54,7241.51,20.02,96.26,1123.15,133.47,13.58,79.67,141.63,14.7,14.69,17.47,12.51
6860,2014-09-10,2794.24,7224.7,19.97,96.26,1123.15,133.06,13.5,79.36,141.08,14.51,14.5,17.29,12.41
6861,2014-09-11,2796.73,7265.75,19.98,96.26,1123.15,133.11,13.63,79.7,141.65,14.46,14.46,17.24,12.33
6862,2014-09-12,2806.37,7280.96,20.07,96.26,1123.15,133.02,13.61,79.64,141.42,14.41,14.41,17.15,12.31
6863,2014-09-13,2806.37,7280.96,20.07,96.26,1123.15,133.02,13.61,79.64,141.42,14.41,14.41,17.15,12.31
6864,2014-09-14,2806.37,7280.96,20.07,96.26,1123.15,133.02,13.61,79.64,141.42,14.41,14.41,17.15,12.31
6865,2014-09-15,2824.24,7340.84,20.02,96.26,1123.15,132.92,13.5,79.26,140.67,14.33,14.3,16.99,12.2
6866,2014-09-16,2818.53,7313.02,19.97,96.26,1123.15,132.49,13.46,79.74,141.12,14.17,14.17,16.83,12.1
6867,2014-09-17,2845.19,7403.57,20.21,96.26,1123.15,133.44,13.59,80.28,142.29,14.34,14.32,16.93,12.2
6868,2014-09-18,2831.06,7362.89,20.36,96.26,1123.15,134.58,13.65,80.44,142.64,14.33,14.32,16.83,12.18
6869,2014-09-19,2837.39,7360.06,20.38,96.26,1123.15,135.12,13.72,80.79,143.19,14.4,14.37,16.91,12.27
6870,2014-09-20,2837.39,7360.06,20.38,96.26,1123.15,135.12,13.72,80.79,143.19,14.4,14.37,16.91,12.27
6871,2014-09-21,2837.39,7360.06,20.38,96.26,1123.15,135.12,13.72,80.79,143.19,14.4,14.37,16.91,12.27
6872,2014-09-22,2828.78,7366.06,20.38,96.26,1123.15,134.45,13.57,80.1,141.95,14.2,14.17,16.69,12.18
6873,2014-09-23,2799.63,7286.19,20.22,96.26,1123.15,132.72,13.49,79.43,141.25,14.11,14.09,16.63,12.07
6874,2014-09-24,2803.03,7275.62,20.17,96.26,1123.15,132.68,13.46,78.71,140.41,14.21,14.21,16.66,12.16
6875,2014-09-25,2778.55,7267.32,20.21,96.26,1123.15,132.65,13.51,78.83,140.38,14.14,14.12,16.47,12.13
6876,2014-09-26,2792.84,7254.74,20.16,96.26,1123.15,132.38,13.45,78.31,139.49,14.16,14.13,16.4,12.15
6877,2014-09-27,2792.84,7254.74,20.16,96.26,1123.15,132.38,13.45,78.31,139.49,14.16,14.13,16.4,12.15
6878,2014-09-28,2792.84,7254.74,20.16,96.26,1123.15,132.38,13.45,78.31,139.49,14.16,14.13,16.4,12.15
6879,2014-09-29,2787.45,7231.91,20.03,96.26,1123.15,131.38,13.44,78.1,139.28,14.06,14.05,16.22,12.02
6880,2014-09-30,2792.81,7212.84,20.01,96.26,1123.15,132.18,13.48,78.22,139.71,13.95,13.94,16.17,12.0
6881,2014-10-01,2768.09,7193.31,19.87,96.26,1123.15,131.62,13.36,77.55,138.74,13.9,13.87,16.11,12.0
6882,2014-10-02,2722.65,7134.85,19.56,96.26,1123.15,129.65,13.25,76.99,137.77,13.89,13.86,16.14,12.0
6883,2014-10-03,2744.48,7148.99,19.62,96.26,1123.15,129.75,13.4,77.47,138.81,13.99,13.97,16.18,12.0
6884,2014-10-04,2744.48,7148.99,19.62,96.26,1123.15,129.75,13.4,77.47,138.81,13.99,13.97,16.18,12.0
6885,2014-10-05,2744.48,7148.99,19.62,96.26,1123.15,129.75,13.4,77.47,138.81,13.99,13.97,16.18,12.0
6886,2014-10-06,2748.39,7176.95,19.67,96.26,1123.15,130.61,13.48,77.94,139.78,14.03,14.02,16.24,12.05
6887,2014-10-07,2696.16,7040.77,19.2,96.26,1123.15,128.45,13.27,76.95,138.12,14.05,14.03,16.29,12.01
6888,2014-10-08,2667.8,6955.8,19.09,96.26,1123.15,127.11,13.15,76.1,136.87,13.92,13.91,16.13,11.83
6889,2014-10-09,2650.27,6933.95,18.94,96.26,1123.15,126.95,13.32,76.77,138.45,14.05,14.03,16.32,11.83
6890,2014-10-10,2612.75,6865.31,18.7,96.26,1123.15,125.08,13.15,75.55,136.38,13.88,13.87,16.02,11.83
6891,2014-10-11,2612.75,6865.31,18.7,96.26,1123.15,125.08,13.15,75.55,136.38,13.88,13.87,16.02,11.83
6892,2014-10-12,2612.75,6865.31,18.7,96.26,1123.15,125.08,13.15,75.55,136.38,13.88,13.87,16.02,11.83
6893,2014-10-13,2616.5,6846.71,18.58,96.26,1123.15,124.72,12.78,74.38,134.37,13.7,13.66,15.93,11.73
6894,2014-10-14,2644.42,6835.88,18.62,96.26,1123.15,123.86,12.53,73.42,132.62,13.66,13.66,15.95,11.75
6895,2014-10-15,2591.14,6770.81,18.35,96.26,1123.15,121.44,12.48,72.38,131.33,13.68,13.65,15.97,11.66
6896,2014-10-16,2582.24,6697.0,18.03,96.26,1123.15,119.47,12.46,72.1,130.78,13.5,13.5,15.85,11.54
6897,2014-10-17,2660.14,6892.5,18.61,96.26,1123.15,122.42,12.82,73.42,133.24,13.51,13.52,15.86,11.54
6898,2014-10-18,2660.14,6892.5,18.61,96.26,1123.15,122.42,12.82,73.42,133.24,13.51,13.52,15.86,11.54
6899,2014-10-19,2660.14,6892.5,18.61,96.26,1123.15,122.42,12.82,73.42,133.24,13.51,13.52,15.86,11.54
6900,2014-10-20,2655.07,6908.61,18.67,96.26,1123.15,122.57,12.86,73.47,133.74,13.7,13.68,16.06,11.67
6901,2014-10-21,2706.9,7015.15,19.05,96.26,1123.15,124.79,13.12,74.96,135.98,13.73,13.71,16.07,11.71
6902,2014-10-22,2741.9,7144.4,19.37,96.26,1123.15,125.94,13.33,75.87,137.64,13.94,13.95,16.23,11.9
6903,2014-10-23,2757.21,7132.0,19.43,96.26,1123.15,126.26,13.34,75.63,137.4,13.86,13.87,16.21,11.9
6904,2014-10-24,2755.07,7177.94,19.38,96.26,1123.15,126.44,13.43,75.89,137.93,13.8,13.8,16.22,11.85
6905,2014-10-25,2755.07,7177.94,19.38,96.26,1123.15,126.44,13.43,75.89,137.93,13.8,13.8,16.22,11.85
6906,2014-10-26,2755.07,7177.94,19.38,96.26,1123.15,126.44,13.43,75.89,137.93,13.8,13.8,16.22,11.85
6907,2014-10-27,2758.33,7180.17,19.44,96.26,1123.15,125.78,13.51,76.05,138.42,13.74,13.73,16.21,11.85
6908,2014-10-28,2778.83,7214.33,19.72,96.26,1000.0,126.88,13.65,76.68,139.28,13.86,13.85,16.37,11.85
6909,2014-10-29,2814.89,7302.49,19.77,96.26,1004.04,127.35,13.62,77.3,140.08,14.03,14.02,16.54,12.02
6910,2014-10-30,2840.41,7377.44,19.86,96.26,996.19,127.32,13.64,77.48,139.95,13.93,13.92,16.48,12.12
6911,2014-10-31,2866.37,7473.41,20.1,96.26,1015.68,130.17,13.95,78.5,142.02,14.05,14.06,16.51,12.33
6912,2014-11-01,2866.37,7473.41,20.1,96.26,1015.68,130.17,13.95,78.5,142.02,14.05,14.06,16.51,12.33
6913,2014-11-02,2866.37,7473.41,20.1,96.26,1015.68,130.17,13.95,78.5,142.02,14.05,14.06,16.51,12.33
6914,2014-11-03,2852.67,7454.52,19.96,96.26,1015.94,129.39,13.98,78.77,142.33,14.01,14.01,16.53,12.33
6915,2014-11-04,2875.06,7502.79,19.89,96.26,1009.55,128.81,13.85,78.19,141.73,13.96,13.96,16.54,12.2
6916,2014-11-05,2884.74,7506.56,19.92,96.26,1004.07,129.53,13.87,78.27,142.06,13.87,13.87,16.42,12.2
6917,2014-11-06,2887.43,7540.77,20.0,96.26,1011.6,130.72,13.86,78.2,142.34,13.91,13.88,16.4,12.23
6918,2014-11-07,2865.63,7481.8,19.91,96.26,1020.57,129.23,13.92,78.45,142.89,13.77,13.77,16.4,12.2
6919,2014-11-08,2865.63,7481.8,19.91,96.26,1020.57,129.23,13.92,78.45,142.89,13.77,13.77,16.4,12.2
6920,2014-11-09,2865.63,7481.8,19.91,96.26,1020.57,129.23,13.92,78.45,142.89,13.77,13.77,16.4,12.2
6921,2014-11-10,2867.58,7445.92,20.0,96.26,1017.76,130.07,13.96,78.76,143.24,13.94,13.92,16.53,12.32
6922,2014-11-11,2889.3,7520.66,20.01,96.26,1022.36,130.8,13.98,78.81,143.58,13.99,13.98,16.52,12.32
6923,2014-11-12,2848.8,7444.87,19.99,96.26,1015.91,129.75,14.03,78.58,143.47,14.05,14.06,16.55,12.27
6924,2014-11-13,2867.32,7483.46,20.08,96.26,1015.76,129.92,14.16,78.79,144.12,14.11,14.08,16.56,12.31
6925,2014-11-14,2861.48,7460.06,20.08,96.26,1009.82,129.89,14.06,78.63,143.75,14.1,14.13,16.51,12.29
6926,2014-11-15,2861.48,7460.06,20.08,96.26,1009.82,129.89,14.06,78.63,143.75,14.1,14.13,16.51,12.29
6927,2014-11-16,2861.48,7460.06,20.08,96.26,1009.82,129.89,14.06,78.63,143.75,14.1,14.13,16.51,12.29
6928,2014-11-17,2862.4,7426.12,20.04,96.26,1007.62,129.97,14.14,78.36,143.87,13.94,13.94,16.41,12.24
6929,2014-11-18,2882.66,7497.61,20.25,96.26,1022.81,131.39,14.13,79.11,144.56,13.89,13.88,16.38,12.13
6930,2014-11-19,2898.99,7545.12,20.33,96.26,1025.72,131.26,14.05,78.99,144.34,13.9,13.9,16.29,12.09
6931,2014-11-20,2880.8,7504.57,20.25,96.26,1021.65,130.58,14.06,79.03,144.42,13.89,13.86,16.27,12.07
6932,2014-11-21,2915.71,7596.54,20.61,96.26,1032.57,133.58,14.21,80.26,146.29,13.94,13.95,16.36,12.25
6933,2014-11-22,2915.71,7596.54,20.61,96.26,1032.57,133.58,14.21,80.26,146.29,13.94,13.95,16.36,12.25
6934,2014-11-23,2915.71,7596.54,20.61,96.26,1032.57,133.58,14.21,80.26,146.29,13.94,13.95,16.36,12.25
6935,2014-11-24,2934.86,7635.63,20.69,96.26,1044.9,133.87,14.2,79.89,145.9,14.14,14.14,16.51,12.38
6936,2014-11-25,2965.63,7716.18,20.78,96.26,1041.71,134.17,14.28,80.13,146.24,14.12,14.12,16.43,12.32
6937,2014-11-26,2960.49,7727.91,20.64,96.26,1043.48,134.1,14.29,79.88,146.02,14.22,14.21,16.54,12.36
6938,2014-11-27,2992.95,7800.8,20.67,96.26,1042.05,134.57,14.32,79.97,146.02,14.29,14.26,16.6,12.43
6939,2014-11-28,2999.2,7809.38,20.45,96.26,1024.94,134.17,14.33,79.38,145.96,14.23,14.2,16.58,12.43
6940,2014-11-29,2999.2,7809.38,20.45,96.26,1024.94,134.17,14.33,79.38,145.96,14.23,14.2,16.58,12.43
6941,2014-11-30,2999.2,7809.38,20.45,96.26,1024.94,134.17,14.33,79.38,145.96,14.23,14.2,16.58,12.43
6942,2014-12-01,2973.23,7766.03,20.36,96.26,1019.85,133.73,14.17,78.71,144.67,14.09,14.06,16.4,12.19
6943,2014-12-02,2982.08,7843.53,20.47,96.26,1028.8,134.31,14.16,79.08,144.9,14.14,14.15,16.43,12.32
6944,2014-12-03,3004.8,7853.74,20.65,96.26,1034.54,135.62,14.2,79.62,145.79,14.18,14.2,16.45,12.36
6945,2014-12-04,2998.84,7881.6,20.54,96.26,1036.51,133.6,14.24,79.45,145.77,14.25,14.26,16.57,12.34
6946,2014-12-05,3048.76,8012.48,20.74,96.26,1031.18,135.32,14.25,79.97,145.92,14.29,14.3,16.56,12.5
6947,2014-12-06,3048.76,8012.48,20.74,96.26,1031.18,135.32,14.25,79.97,145.92,14.29,14.3,16.56,12.5
6948,2014-12-07,3048.76,8012.48,20.74,96.26,1031.18,135.32,14.25,79.97,145.92,14.29,14.3,16.56,12.5
6949,2014-12-08,3040.37,8040.54,20.7,96.26,1032.96,135.17,14.21,79.64,145.61,14.26,14.25,16.51,12.46
6950,2014-12-09,3000.16,7944.53,20.45,96.26,1016.84,132.37,13.88,78.72,143.64,14.1,14.12,16.3,12.2
6951,2014-12-10,3022.99,8014.09,20.5,96.26,1011.16,131.43,14.04,78.56,143.83,14.17,14.17,16.25,12.2
6952,2014-12-11,3050.39,8059.7,20.4,96.26,1003.8,131.06,14.02,78.3,143.62,14.09,14.1,16.17,12.11
6953,2014-12-12,3028.29,8110.91,20.21,96.26,987.24,129.48,13.94,77.5,142.5,14.15,14.13,16.11,12.02
6954,2014-12-13,3028.29,8110.91,20.21,96.26,987.24,129.48,13.94,77.5,142.5,14.15,14.13,16.11,12.02
6955,2014-12-14,3028.29,8110.91,20.21,96.26,987.24,129.48,13.94,77.5,142.5,14.15,14.13,16.11,12.02
6956,2014-12-15,2993.15,8118.39,20.05,96.26,985.32,127.38,13.87,76.94,141.4,14.04,14.01,15.97,11.96
6957,2014-12-16,3020.86,8043.16,19.62,96.26,956.62,124.47,13.67,75.84,139.38,13.9,13.87,15.81,11.75
6958,2014-12-17,2997.57,7979.47,19.78,96.26,964.69,126.74,13.65,76.31,139.64,13.79,13.74,15.7,11.78
6959,2014-12-18,3051.41,8060.36,20.33,96.26,992.85,130.71,14.08,78.69,143.7,13.89,13.87,15.87,11.99
6960,2014-12-19,3048.11,8024.93,20.44,96.26,1009.04,130.89,14.25,79.63,145.22,14.04,14.03,16.05,12.15
6961,2014-12-20,3048.11,8024.93,20.44,96.26,1009.04,130.89,14.25,79.63,145.22,14.04,14.03,16.05,12.15
6962,2014-12-21,3048.11,8024.93,20.44,96.26,1009.04,130.89,14.25,79.63,145.22,14.04,14.03,16.05,12.15
6963,2014-12-22,3061.5,8138.31,20.7,96.26,1016.33,132.04,14.32,79.93,145.6,14.09,14.1,16.24,12.29
6964,2014-12-23,3080.51,8198.51,20.8,96.26,1014.1,132.89,14.28,80.72,146.35,14.05,14.08,16.11,12.3
6965,2014-12-24,3080.51,8198.51,20.8,96.26,1014.1,132.89,14.28,80.72,146.35,14.05,14.08,16.11,12.3
6966,2014-12-25,3080.51,8198.51,20.8,96.26,1014.1,132.89,14.28,80.72,146.35,14.05,14.08,16.11,12.3
6967,2014-12-26,3080.51,8198.51,20.8,96.26,1014.1,132.89,14.28,80.72,146.35,14.05,14.08,16.11,12.3
6968,2014-12-27,3080.51,8198.51,20.8,96.26,1014.1,132.89,14.28,80.72,146.35,14.05,14.08,16.11,12.3
6969,2014-12-28,3080.51,8198.51,20.8,96.26,1014.1,132.89,14.28,80.72,146.35,14.05,14.08,16.11,12.3
6970,2014-12-29,3090.05,8156.06,20.92,96.26,1016.22,132.61,14.35,81.02,147.09,14.21,14.19,16.31,12.45
6971,2014-12-30,3060.98,8147.34,20.66,96.26,1013.22,132.03,14.31,80.72,146.58,14.15,14.14,16.27,12.41
6972,2014-12-31,3070.56,8155.31,20.66,96.26,1013.22,132.03,14.32,80.65,146.4,14.24,14.27,16.32,12.41
